tau,SCS-3.0,OSQP,SCS_AA1,SCS_AA2
1.0,0.2057142857142857,0.5664285714285714,0.12357142857142857,0.10428571428571429
1.0092621909870476,0.21571428571428572,0.5742857142857143,0.13,0.11142857142857143
1.0186101701559758,0.22642857142857142,0.5821428571428572,0.13642857142857143,0.11642857142857142
1.0280447320933093,0.2392857142857143,0.5878571428571429,0.13857142857142857,0.12
1.0375666787451858,0.24928571428571428,0.5964285714285714,0.14214285714285715,0.12357142857142857
1.0471768194855202,0.2621428571428571,0.605,0.14785714285714285,0.12642857142857142
1.0568759711848041,0.27714285714285714,0.61,0.15142857142857144,0.12928571428571428
1.0666649582795393,0.29214285714285715,0.6164285714285714,0.16142857142857142,0.13428571428571429
1.0765446128423155,0.3007142857142857,0.6228571428571429,0.1657142857142857,0.1392857142857143
1.0865157746525382,0.3142857142857143,0.6264285714285714,0.1692857142857143,0.1442857142857143
1.0965792912678098,0.3242857142857143,0.6314285714285715,0.17642857142857143,0.15142857142857144
1.1067360180959736,0.3335714285714286,0.6335714285714286,0.18285714285714286,0.15571428571428572
1.116986818467823,0.3435714285714286,0.6407142857142857,0.18714285714285714,0.16214285714285714
1.1273325637104867,0.35428571428571426,0.6471428571428571,0.19428571428571428,0.16428571428571428
1.1377741332214912,0.3678571428571429,0.655,0.20142857142857143,0.16714285714285715
1.148312414543511,0.38,0.6635714285714286,0.2057142857142857,0.17357142857142857
1.158948303439811,0.3914285714285714,0.6692857142857143,0.21357142857142858,0.17714285714285713
1.1696827039703852,0.3992857142857143,0.6785714285714286,0.22428571428571428,0.18357142857142858
1.180516528568805,0.4107142857142857,0.685,0.2307142857142857,0.18857142857142858
1.1914506981197759,0.42428571428571427,0.6914285714285714,0.23785714285714285,0.19214285714285714
1.2024861420374122,0.43857142857142856,0.6964285714285714,0.24428571428571427,0.19785714285714287
1.2136237983442408,0.4492857142857143,0.7,0.25214285714285717,0.20214285714285715
1.2248646137509314,0.4607142857142857,0.71,0.26142857142857145,0.20642857142857143
1.2362095437367686,0.4692857142857143,0.7135714285714285,0.2692857142857143,0.21285714285714286
1.2476595526308696,0.4785714285714286,0.7192857142857143,0.275,0.22
1.259215613694151,0.48428571428571426,0.7221428571428572,0.2814285714285714,0.22714285714285715
1.2708787092020586,0.49,0.725,0.28785714285714287,0.2307142857142857
1.2826498305280605,0.49714285714285716,0.7292857142857143,0.29285714285714287,0.23285714285714285
1.2945299782279156,0.505,0.7335714285714285,0.29642857142857143,0.24071428571428571
1.306520162124721,0.5128571428571429,0.7378571428571429,0.30714285714285716,0.24642857142857144
1.3186214013947486,0.5235714285714286,0.7428571428571429,0.31142857142857144,0.255
1.330834724654075,0.5314285714285715,0.7464285714285714,0.32,0.2642857142857143
1.343161170046016,0.5407142857142857,0.7507142857142857,0.32857142857142857,0.26857142857142857
1.3556017853293685,0.5521428571428572,0.7557142857142857,0.3314285714285714,0.27785714285714286
1.3681576279674716,0.5585714285714286,0.7592857142857142,0.3392857142857143,0.2835714285714286
1.3808297652180925,0.5657142857142857,0.7642857142857142,0.345,0.29
1.3936192742241424,0.5707142857142857,0.77,0.3514285714285714,0.29428571428571426
1.406527242105237,0.5821428571428572,0.7728571428571429,0.35928571428571426,0.30428571428571427
1.4195547660501011,0.5928571428571429,0.7778571428571428,0.36642857142857144,0.31142857142857144
1.4327029534098308,0.605,0.7792857142857142,0.37285714285714283,0.31857142857142856
1.4459729217920199,0.6171428571428571,0.7835714285714286,0.38142857142857145,0.325
1.4593657991557567,0.6207142857142857,0.7885714285714286,0.395,0.33
1.4728827239075026,0.6314285714285715,0.7921428571428571,0.3985714285714286,0.3364285714285714
1.4865248449978568,0.64,0.7957142857142857,0.4035714285714286,0.34
1.5002933220192183,0.6471428571428571,0.8007142857142857,0.4107142857142857,0.3464285714285714
1.5141893253043521,0.655,0.8014285714285714,0.4142857142857143,0.35285714285714287
1.5282140360258698,0.6621428571428571,0.8035714285714286,0.42142857142857143,0.3585714285714286
1.5423686462966282,0.6707142857142857,0.805,0.43,0.36642857142857144
1.5566543592710615,0.6771428571428572,0.8071428571428572,0.4357142857142857,0.37642857142857145
1.5710723892474503,0.6864285714285714,0.8114285714285714,0.44142857142857145,0.38142857142857145
1.5856239617711374,0.6942857142857143,0.8128571428571428,0.4492857142857143,0.38642857142857145
1.6003103137387007,0.7021428571428572,0.8164285714285714,0.4542857142857143,0.395
1.6151326935030905,0.7107142857142857,0.8192857142857143,0.46214285714285713,0.3992857142857143
1.6300923609797406,0.7171428571428572,0.8214285714285714,0.4685714285714286,0.40214285714285714
1.6451905877536626,0.7228571428571429,0.8221428571428572,0.47928571428571426,0.4092857142857143
1.66042865718753,0.7292857142857143,0.825,0.48928571428571427,0.4142857142857143
1.6758078645307677,0.7307142857142858,0.8271428571428572,0.4957142857142857,0.41785714285714287
1.691329517029648,0.735,0.8292857142857143,0.5014285714285714,0.41928571428571426
1.7069949340384074,0.7428571428571429,0.8314285714285714,0.5035714285714286,0.425
1.722805447131394,0.745,0.8371428571428572,0.5092857142857142,0.43142857142857144
1.7387624002162507,0.7492857142857143,0.8385714285714285,0.5157142857142857,0.44
1.754867149648151,0.7557142857142857,0.8421428571428572,0.5235714285714286,0.44571428571428573
1.7711210643450879,0.7585714285714286,0.845,0.5285714285714286,0.45071428571428573
1.787525525904235,0.7642857142857142,0.8485714285714285,0.5314285714285715,0.45357142857142857
1.8040819287193828,0.77,0.8507142857142858,0.5364285714285715,0.45785714285714285
1.820791680099463,0.7778571428571428,0.8507142857142858,0.5471428571428572,0.465
1.8376562003881711,0.7821428571428571,0.8528571428571429,0.5535714285714286,0.46785714285714286
1.8546769230846987,0.79,0.855,0.5592857142857143,0.4735714285714286
1.8718552949655787,0.7928571428571428,0.8571428571428571,0.5628571428571428,0.4757142857142857
1.8891927762076663,0.7992857142857143,0.8571428571428571,0.5664285714285714,0.4764285714285714
1.9066908405122525,0.8014285714285714,0.86,0.5692857142857143,0.4807142857142857
1.924350975230331,0.8028571428571428,0.8635714285714285,0.5735714285714286,0.485
1.9421746814890257,0.8071428571428572,0.8678571428571429,0.5785714285714286,0.49
1.9601634743191854,0.8121428571428572,0.8692857142857143,0.5857142857142857,0.49642857142857144
1.9783188827841642,0.8164285714285714,0.8721428571428571,0.5892857142857143,0.5014285714285714
1.996642450109794,0.8185714285714286,0.8757142857142857,0.595,0.5078571428571429
2.0151357338155576,0.8207142857142857,0.8771428571428571,0.5978571428571429,0.5107142857142857
2.0338003058469813,0.8242857142857143,0.8778571428571429,0.6,0.515
2.052637752709252,0.825,0.8807142857142857,0.6085714285714285,0.5157142857142857
2.071649675602069,0.8278571428571428,0.8828571428571429,0.615,0.5214285714285715
2.0908376905557504,0.8314285714285714,0.8835714285714286,0.6185714285714285,0.5271428571428571
2.1102034285685956,0.8335714285714285,0.8842857142857142,0.6221428571428571,0.5307142857142857
2.12974853574552,0.835,0.8878571428571429,0.6278571428571429,0.5364285714285715
2.14947467343798,0.8392857142857143,0.8914285714285715,0.63,0.5392857142857143
2.1693835183851844,0.84,0.8935714285714286,0.6314285714285715,0.5421428571428571
2.1894767628566214,0.8421428571428572,0.895,0.6328571428571429,0.5442857142857143
2.209756114795902,0.8421428571428572,0.8957142857142857,0.6371428571428571,0.5485714285714286
2.2302232979659378,0.8428571428571429,0.8971428571428571,0.6421428571428571,0.5535714285714286
2.2508800520954613,0.8464285714285714,0.8992857142857142,0.6457142857142857,0.5571428571428572
2.2717281330269055,0.8507142857142858,0.9007142857142857,0.65,0.5635714285714286
2.2927693128656492,0.8521428571428571,0.9028571428571428,0.6514285714285715,0.57
2.314005380130653,0.8542857142857143,0.905,0.6521428571428571,0.575
2.3354381399064787,0.8592857142857143,0.9092857142857143,0.6542857142857142,0.5792857142857143
2.3570694139967276,0.8628571428571429,0.91,0.6578571428571428,0.5842857142857143
2.3789010410788936,0.8657142857142858,0.9128571428571428,0.6664285714285715,0.5871428571428572
2.4009348768606524,0.8671428571428571,0.9128571428571428,0.6728571428571428,0.5942857142857143
2.4231727942375993,0.8685714285714285,0.915,0.6778571428571428,0.6
2.445616683452446,0.8721428571428571,0.915,0.6814285714285714,0.6042857142857143
2.468268452255692,0.8757142857142857,0.9171428571428571,0.6864285714285714,0.61
2.491130026067789,0.8778571428571429,0.9207142857142857,0.69,0.6142857142857143
2.5142033481427974,0.8807142857142857,0.9214285714285714,0.6921428571428572,0.6192857142857143
2.5374903797335704,0.885,0.9242857142857143,0.6928571428571428,0.6257142857142857
2.5609931002584587,0.8885714285714286,0.9242857142857143,0.6971428571428572,0.6307142857142857
2.5847135074695635,0.8907142857142857,0.925,0.7028571428571428,0.6328571428571429
2.608653617622548,0.8935714285714286,0.9285714285714286,0.7107142857142857,0.635
2.632815465648021,0.8957142857142857,0.9321428571428572,0.7142857142857143,0.6378571428571429
2.6572011053245053,0.8978571428571429,0.9328571428571428,0.7157142857142857,0.6385714285714286
2.681812609453015,0.8992857142857142,0.9364285714285714,0.7178571428571429,0.6421428571428571
2.7066520700332415,0.9014285714285715,0.9378571428571428,0.7214285714285714,0.6442857142857142
2.7317215984413767,0.9035714285714286,0.9385714285714286,0.7257142857142858,0.6464285714285715
2.7570233256095835,0.905,0.94,0.7278571428571429,0.6485714285714286
2.7825594022071245,0.9064285714285715,0.94,0.7285714285714285,0.6514285714285715
2.808331998823172,0.91,0.9407142857142857,0.7342857142857143,0.6528571428571428
2.8343433061513092,0.9128571428571428,0.9414285714285714,0.7364285714285714,0.6564285714285715
2.8605955351757424,0.9142857142857143,0.9435714285714286,0.7371428571428571,0.6628571428571428
2.887090917359236,0.9142857142857143,0.945,0.7421428571428571,0.665
2.9138317048327873,0.915,0.9457142857142857,0.7471428571428571,0.6692857142857143
2.940820170587063,0.9171428571428571,0.9457142857142857,0.7514285714285714,0.6742857142857143
2.9680586086656024,0.9192857142857143,0.9464285714285714,0.755,0.68
2.9955493343598136,0.9214285714285714,0.9492857142857143,0.7585714285714286,0.6857142857142857
3.0232946844057773,0.9242857142857143,0.9521428571428572,0.7621428571428571,0.6921428571428572
3.0512970171828697,0.9264285714285714,0.9528571428571428,0.7657142857142857,0.6964285714285714
3.079558712914226,0.9292857142857143,0.9542857142857143,0.7678571428571429,0.6985714285714286
3.108082173869064,0.9307142857142857,0.9571428571428572,0.7721428571428571,0.7007142857142857
3.1368698245668774,0.9321428571428572,0.9592857142857143,0.7735714285714286,0.7035714285714286
3.1659241119835224,0.9364285714285714,0.9592857142857143,0.775,0.7085714285714285
3.195247505759212,0.9392857142857143,0.96,0.7778571428571428,0.7107142857142857
3.2248424984084414,0.9421428571428572,0.96,0.7792857142857142,0.7142857142857143
3.254711605531848,0.9442857142857143,0.9621428571428572,0.7814285714285715,0.7157142857142857
3.2848573660300446,0.945,0.9642857142857143,0.79,0.7185714285714285
3.315282342319425,0.9478571428571428,0.965,0.7914285714285715,0.7228571428571429
3.345989120549973,0.9485714285714286,0.9664285714285714,0.7935714285714286,0.7271428571428571
3.3769803108250906,0.9492857142857143,0.9664285714285714,0.795,0.7285714285714285
3.408258547423452,0.9507142857142857,0.9692857142857143,0.7985714285714286,0.7314285714285714
3.4398264890229253,0.9507142857142857,0.97,0.8007142857142857,0.7328571428571429
3.4716868189265613,0.9521428571428572,0.9707142857142858,0.8042857142857143,0.7357142857142858
3.503842245290674,0.9535714285714286,0.9721428571428572,0.805,0.7385714285714285
3.536295501355042,0.955,0.9735714285714285,0.8085714285714286,0.7407142857142858
3.5690493456752295,0.9564285714285714,0.9742857142857143,0.8128571428571428,0.745
3.602106562357071,0.9564285714285714,0.975,0.8157142857142857,0.7471428571428571
3.6354699612933197,0.9585714285714285,0.975,0.8185714285714286,0.7485714285714286
3.6691423784024932,0.9592857142857143,0.9757142857142858,0.8207142857142857,0.7507142857142857
3.703126675869926,0.9607142857142857,0.9785714285714285,0.8235714285714286,0.7535714285714286
3.737425742391064,0.9621428571428572,0.9792857142857143,0.8257142857142857,0.7578571428571429
3.7720424934169983,0.9642857142857143,0.98,0.8271428571428572,0.76
3.806979871402286,0.965,0.9807142857142858,0.8278571428571428,0.7614285714285715
3.84224084605506,0.9657142857142857,0.9821428571428571,0.83,0.7635714285714286
3.877828414589456,0.9678571428571429,0.9828571428571429,0.8335714285714285,0.7657142857142857
3.913745601980384,0.9692857142857143,0.9828571428571429,0.8335714285714285,0.7692857142857142
3.949995461220644,0.9707142857142858,0.9828571428571429,0.8364285714285714,0.7757142857142857
3.986581073580441,0.9707142857142858,0.9835714285714285,0.8414285714285714,0.7771428571428571
4.023505548869292,0.9714285714285714,0.9842857142857143,0.8457142857142858,0.7807142857142857
4.060772025700365,0.9714285714285714,0.9842857142857143,0.8478571428571429,0.7835714285714286
4.0983836717572615,0.9721428571428572,0.985,0.8507142857142858,0.7885714285714286
4.136343684063275,0.9742857142857143,0.9871428571428571,0.8528571428571429,0.7928571428571428
4.174655289253137,0.9742857142857143,0.9871428571428571,0.8564285714285714,0.795
4.213321743847288,0.9742857142857143,0.9892857142857143,0.8628571428571429,0.7971428571428572
4.252346334528682,0.9742857142857143,0.99,0.8642857142857143,0.8007142857142857
4.291732378422157,0.9742857142857143,0.9914285714285714,0.8657142857142858,0.805
4.3314832233764,0.9742857142857143,0.9928571428571429,0.8671428571428571,0.8085714285714286
4.371602248248505,0.9757142857142858,0.9928571428571429,0.8678571428571429,0.81
4.412092863191189,0.9764285714285714,0.9935714285714285,0.87,0.8121428571428572
4.452958509942655,0.9764285714285714,0.9935714285714285,0.8714285714285714,0.8128571428571428
4.494202662119142,0.9764285714285714,0.9942857142857143,0.8735714285714286,0.8164285714285714
4.535828825510188,0.9764285714285714,0.9942857142857143,0.8757142857142857,0.8207142857142857
4.577840538376619,0.9771428571428571,0.9957142857142857,0.8792857142857143,0.8235714285714286
4.6202413717513116,0.9771428571428571,0.9957142857142857,0.8821428571428571,0.825
4.663034929742731,0.9771428571428571,0.9964285714285714,0.8842857142857142,0.8292857142857143
4.7062248498412815,0.9778571428571429,0.9964285714285714,0.8857142857142857,0.8314285714285714
4.749814803228501,0.9778571428571429,0.9964285714285714,0.8864285714285715,0.8335714285714285
4.79380849508911,0.9778571428571429,0.9964285714285714,0.8885714285714286,0.8342857142857143
4.838209664925956,0.9778571428571429,0.9971428571428571,0.8907142857142857,0.8357142857142857
4.8830220868778795,0.9778571428571429,0.9971428571428571,0.8921428571428571,0.8392857142857143
4.9282495700405144,0.9778571428571429,0.9971428571428571,0.8942857142857142,0.8407142857142857
4.973895958790064,0.9778571428571429,0.9971428571428571,0.8964285714285715,0.8428571428571429
5.019965133110082,0.9785714285714285,0.9971428571428571,0.8971428571428571,0.8471428571428572
5.066461008921268,0.9785714285714285,0.9978571428571429,0.8985714285714286,0.8507142857142858
5.113387538414326,0.9785714285714285,0.9985714285714286,0.9021428571428571,0.8528571428571429
5.160748710385909,0.9785714285714285,0.9985714285714286,0.9042857142857142,0.855
5.208548550577661,0.9792857142857143,0.9985714285714286,0.905,0.8564285714285714
5.256791122018422,0.98,0.9985714285714286,0.9078571428571428,0.8578571428571429
5.305480525369573,0.9814285714285714,0.9985714285714286,0.9121428571428571,0.8592857142857143
5.354620899273607,0.9814285714285714,0.9985714285714286,0.9121428571428571,0.8621428571428571
5.404216420705916,0.9814285714285714,0.9985714285714286,0.9157142857142857,0.8642857142857143
5.454271305329834,0.9814285714285714,0.9985714285714286,0.9171428571428571,0.8707142857142857
5.50478980785497,0.9814285714285714,0.9985714285714286,0.92,0.8721428571428571
5.555776222398876,0.9814285714285714,0.9992857142857143,0.9221428571428572,0.8757142857142857
5.607234882852032,0.9821428571428571,0.9992857142857143,0.9235714285714286,0.8764285714285714
5.659170163246244,0.9828571428571429,0.9992857142857143,0.9264285714285714,0.8771428571428571
5.711586478126432,0.9835714285714285,0.9992857142857143,0.9285714285714286,0.88
5.764488282925877,0.9842857142857143,0.9992857142857143,0.9314285714285714,0.88
5.8178800743449335,0.9842857142857143,0.9992857142857143,0.9328571428571428,0.8814285714285715
5.871766390733256,0.985,0.9992857142857143,0.9342857142857143,0.8835714285714286
5.926151812475554,0.9857142857142858,0.9992857142857143,0.9371428571428572,0.885
5.981040962380941,0.9857142857142858,0.9992857142857143,0.9378571428571428,0.885
6.036438506075867,0.9857142857142858,0.9992857142857143,0.9378571428571428,0.885
6.09234915240071,0.9857142857142858,0.9992857142857143,0.9407142857142857,0.8871428571428571
6.148777653810023,0.9857142857142858,0.9992857142857143,0.9414285714285714,0.89
6.205728806776502,0.9857142857142858,0.9992857142857143,0.9421428571428572,0.8914285714285715
6.26320745219869,0.9857142857142858,0.9992857142857143,0.9428571428571428,0.8921428571428571
6.321218475812452,0.9857142857142858,0.9992857142857143,0.9442857142857143,0.8921428571428571
6.379766808606281,0.9878571428571429,0.9992857142857143,0.945,0.8935714285714286
6.4388574272404195,0.9878571428571429,0.9992857142857143,0.9457142857142857,0.8942857142857142
6.49849535446989,0.9878571428571429,0.9992857142857143,0.9471428571428572,0.8964285714285715
6.558685659571432,0.9878571428571429,0.9992857142857143,0.9492857142857143,0.8971428571428571
6.619433458774393,0.9878571428571429,0.9992857142857143,0.9507142857142857,0.8985714285714286
6.680743915695613,0.9878571428571429,0.9992857142857143,0.9521428571428572,0.8992857142857142
6.742622241778342,0.9878571428571429,0.9992857142857143,0.9528571428571428,0.9
6.805073696735208,0.9878571428571429,0.9992857142857143,0.9542857142857143,0.9014285714285715
6.868103588995304,0.9878571428571429,0.9992857142857143,0.9557142857142857,0.9021428571428571
6.931717276155406,0.9878571428571429,0.9992857142857143,0.9578571428571429,0.9021428571428571
6.995920165435373,0.9885714285714285,0.9992857142857143,0.9607142857142857,0.9035714285714286
7.060717714137773,0.9892857142857143,0.9992857142857143,0.9628571428571429,0.905
7.1261154301117475,0.9892857142857143,0.9992857142857143,0.9657142857142857,0.9057142857142857
7.192118872221189,0.9892857142857143,0.9992857142857143,0.9664285714285714,0.9057142857142857
7.258733650817251,0.9892857142857143,0.9992857142857143,0.9664285714285714,0.9064285714285715
7.3259654282152304,0.9892857142857143,0.9992857142857143,0.9678571428571429,0.9071428571428571
7.393819919175866,0.99,0.9992857142857143,0.9678571428571429,0.9078571428571428
7.46230289139111,0.9907142857142858,0.9992857142857143,0.9685714285714285,0.9092857142857143
7.531420165974372,0.9921428571428571,0.9992857142857143,0.97,0.9092857142857143
7.6011776179553285,0.9921428571428571,0.9992857142857143,0.97,0.9107142857142857
7.671581176779302,0.9935714285714285,0.9992857142857143,0.9721428571428572,0.9128571428571428
7.742636826811269,0.9942857142857143,0.9992857142857143,0.9721428571428572,0.9128571428571428
7.814350607844544,0.9942857142857143,1.0,0.9721428571428572,0.9142857142857143
7.886728615614152,0.9942857142857143,1.0,0.9721428571428572,0.9157142857142857
7.959777002314984,0.9942857142857143,1.0,0.9735714285714285,0.9164285714285715
8.033501977124734,0.9942857142857143,1.0,0.975,0.9164285714285715
8.107909806731687,0.9942857142857143,1.0,0.9757142857142858,0.9178571428571428
8.183006815867392,0.9942857142857143,1.0,0.9764285714285714,0.9178571428571428
8.258799387844268,0.9942857142857143,1.0,0.9771428571428571,0.9207142857142857
8.335293965098193,0.995,1.0,0.9778571428571429,0.9235714285714286
8.412497049736118,0.995,1.0,0.9785714285714285,0.9242857142857143
8.490415204088746,0.995,1.0,0.98,0.9242857142857143
8.56905505126835,0.9957142857142857,1.0,0.9821428571428571,0.925
8.648423275731723,0.9957142857142857,1.0,0.9828571428571429,0.9257142857142857
8.728526623848378,0.9957142857142857,1.0,0.9842857142857143,0.9271428571428572
8.809371904473991,0.9957142857142857,1.0,0.9842857142857143,0.9285714285714286
8.89096598952916,0.9964285714285714,1.0,0.9857142857142858,0.9285714285714286
8.973315814583522,0.9964285714285714,1.0,0.9857142857142858,0.9292857142857143
9.05642837944529,0.9964285714285714,1.0,0.9857142857142858,0.93
9.14031074875623,0.9971428571428571,1.0,0.9857142857142858,0.93
9.224970052592175,0.9971428571428571,1.0,0.9857142857142858,0.9307142857142857
9.310413487069077,0.9971428571428571,1.0,0.9864285714285714,0.9328571428571428
9.396648314954692,0.9971428571428571,1.0,0.9864285714285714,0.9328571428571428
9.483681866285922,0.9971428571428571,1.0,0.9864285714285714,0.9335714285714286
9.571521538991863,0.9971428571428571,1.0,0.9871428571428571,0.935
9.660174799522645,0.9971428571428571,1.0,0.9878571428571429,0.935
9.749649183484088,0.9971428571428571,1.0,0.9878571428571429,0.935
9.83995229627823,0.9971428571428571,1.0,0.9885714285714285,0.9364285714285714
9.931091813749795,0.9971428571428571,1.0,0.9885714285714285,0.9371428571428572
10.023075482838655,0.9971428571428571,1.0,0.9892857142857143,0.9378571428571428
10.115911122238298,0.9971428571428571,1.0,0.9907142857142858,0.9385714285714286
10.209606623060465,0.9978571428571429,1.0,0.9907142857142858,0.9392857142857143
10.30416994950588,0.9978571428571429,1.0,0.9907142857142858,0.9392857142857143
10.399609139541198,0.9978571428571429,1.0,0.9914285714285714,0.9392857142857143
10.495932305582278,0.9985714285714286,1.0,0.9914285714285714,0.9392857142857143
10.5931476351837,0.9985714285714286,1.0,0.9914285714285714,0.94
10.691263391734761,0.9985714285714286,1.0,0.9914285714285714,0.94
10.79028791516184,0.9985714285714286,1.0,0.9914285714285714,0.94
10.8902296226373,0.9985714285714286,1.0,0.9914285714285714,0.94
10.991097009294972,0.9985714285714286,1.0,0.9921428571428571,0.94
11.092898648952227,0.9985714285714286,1.0,0.9928571428571429,0.94
11.195643194838782,0.9985714285714286,1.0,0.9928571428571429,0.9407142857142857
11.299339380332222,0.9985714285714286,1.0,0.9935714285714285,0.9414285714285714
11.403996019700324,0.9985714285714286,1.0,0.9935714285714285,0.9414285714285714
11.509622008850323,0.9985714285714286,1.0,0.9935714285714285,0.9414285714285714
11.616226326085018,0.9985714285714286,1.0,0.9935714285714285,0.9428571428571428
11.723818032865985,0.9985714285714286,1.0,0.9935714285714285,0.9428571428571428
11.832406274583786,0.9985714285714286,1.0,0.9935714285714285,0.9428571428571428
11.94200028133532,0.9985714285714286,1.0,0.9942857142857143,0.9435714285714286
12.052609368708426,0.9985714285714286,1.0,0.9942857142857143,0.9435714285714286
12.164242938573679,0.9985714285714286,1.0,0.995,0.9442857142857143
12.276910479883592,0.9992857142857143,1.0,0.995,0.9442857142857143
12.390621569479162,0.9992857142857143,1.0,0.9971428571428571,0.9442857142857143
12.505385872903908,0.9992857142857143,1.0,0.9971428571428571,0.9442857142857143
12.621213145225473,0.9992857142857143,1.0,0.9971428571428571,0.9442857142857143
12.738113231864785,0.9992857142857143,1.0,0.9978571428571429,0.9442857142857143
12.856096069432958,0.9992857142857143,1.0,0.9978571428571429,0.945
12.975171686575875,0.9992857142857143,1.0,0.9978571428571429,0.945
13.095350204826671,1.0,1.0,0.9978571428571429,0.945
13.216641839466051,1.0,1.0,0.9978571428571429,0.945
13.339056900390586,1.0,1.0,0.9978571428571429,0.9457142857142857
13.462605792989104,1.0,1.0,0.9978571428571429,0.9457142857142857
13.587299019027098,1.0,1.0,0.9978571428571429,0.9478571428571428
13.71314717753945,1.0,1.0,0.9978571428571429,0.9478571428571428
13.840160965731316,1.0,1.0,0.9978571428571429,0.9485714285714286
13.968351179887398,1.0,1.0,0.9978571428571429,0.9485714285714286
14.09772871628967,1.0,1.0,0.9978571428571429,0.9485714285714286
14.228304572143527,1.0,1.0,0.9978571428571429,0.9485714285714286
14.360089846512599,1.0,1.0,0.9978571428571429,0.9485714285714286
14.493095741262167,1.0,1.0,0.9985714285714286,0.9485714285714286
14.627333562011298,1.0,1.0,0.9985714285714286,0.9492857142857143
14.762814719093903,1.0,1.0,0.9985714285714286,0.9492857142857143
14.899550728528544,1.0,1.0,0.9985714285714286,0.9492857142857143
15.037553212997377,1.0,1.0,0.9985714285714286,0.9492857142857143
15.176833902834053,1.0,1.0,0.9985714285714286,0.9492857142857143
15.317404637020799,1.0,1.0,0.9985714285714286,0.9492857142857143
15.459277364194778,1.0,1.0,0.9985714285714286,0.9492857142857143
15.602464143663688,1.0,1.0,0.9992857142857143,0.9492857142857143
15.74697714643086,1.0,1.0,0.9992857142857143,0.95
15.89282865622978,1.0,1.0,0.9992857142857143,0.9507142857142857
16.0400310705682,1.0,1.0,0.9992857142857143,0.9507142857142857
16.188596901781985,1.0,1.0,0.9992857142857143,0.9507142857142857
16.338538778098613,1.0,1.0,0.9992857142857143,0.9514285714285714
16.48986944471065,1.0,1.0,0.9992857142857143,0.9514285714285714
16.642601764859037,1.0,1.0,1.0,0.9514285714285714
16.79674872092653,1.0,1.0,1.0,0.9514285714285714
16.952323415541205,1.0,1.0,1.0,0.9514285714285714
17.109339072690144,1.0,1.0,1.0,0.9514285714285714
17.26780903884356,1.0,1.0,1.0,0.9514285714285714
17.42774678408919,1.0,1.0,1.0,0.9514285714285714
17.589165903277326,1.0,1.0,1.0,0.9514285714285714
17.75208011717635,1.0,1.0,1.0,0.9514285714285714
17.916503273639005,1.0,1.0,1.0,0.9521428571428572
18.082449348779516,1.0,1.0,1.0,0.9521428571428572
18.249932448161523,1.0,1.0,1.0,0.9528571428571428
18.41896680799711,1.0,1.0,1.0,0.9528571428571428
18.589566796356873,1.0,1.0,1.0,0.9528571428571428
18.761746914391203,1.0,1.0,1.0,0.9535714285714286
18.935521797562952,1.0,1.0,1.0,0.9535714285714286
19.11090621689138,1.0,1.0,1.0,0.9535714285714286
19.287915080207778,1.0,1.0,1.0,0.9535714285714286
19.46656343342262,1.0,1.0,1.0,0.9535714285714286
19.646866461804457,1.0,1.0,1.0,0.9542857142857143
19.828839491270713,1.0,1.0,1.0,0.9542857142857143
20.01249798969037,1.0,1.0,1.0,0.9542857142857143
20.197857568198785,1.0,1.0,1.0,0.955
20.384933982524633,1.0,1.0,1.0,0.955
20.573743134329128,1.0,1.0,1.0,0.9557142857142857
20.764301072557746,1.0,1.0,1.0,0.9557142857142857
20.95662399480433,1.0,1.0,1.0,0.9564285714285714
21.150728248687948,1.0,1.0,1.0,0.9564285714285714
21.346630333242445,1.0,1.0,1.0,0.9564285714285714
21.544346900318832,1.0,1.0,1.0,0.9564285714285714
21.7438947560008,1.0,1.0,1.0,0.9571428571428572
21.945290862033136,1.0,1.0,1.0,0.9578571428571429
22.14855233726359,1.0,1.0,1.0,0.9578571428571429
22.353696459097954,1.0,1.0,1.0,0.9585714285714285
22.560740664968602,1.0,1.0,1.0,0.9585714285714285
22.7697025538168,1.0,1.0,1.0,0.9585714285714285
22.98059988758851,1.0,1.0,1.0,0.9585714285714285
23.193450592744288,1.0,1.0,1.0,0.9585714285714285
23.408272761782932,1.0,1.0,1.0,0.9592857142857143
23.625084654779464,1.0,1.0,1.0,0.9592857142857143
23.843904700937205,1.0,1.0,1.0,0.9592857142857143
24.06475150015424,1.0,1.0,1.0,0.96
24.287643824604515,1.0,1.0,1.0,0.9607142857142857
24.512600620333387,1.0,1.0,1.0,0.9607142857142857
24.73964100886813,1.0,1.0,1.0,0.9607142857142857
24.968784288843267,1.0,1.0,1.0,0.9607142857142857
25.200049937640923,1.0,1.0,1.0,0.9621428571428572
25.433457613046496,1.0,1.0,1.0,0.9621428571428572
25.669027154919505,1.0,1.0,1.0,0.9621428571428572
25.906778586880076,1.0,1.0,1.0,0.9621428571428572
26.14673211801092,1.0,1.0,1.0,0.9621428571428572
26.388908144575105,1.0,1.0,1.0,0.9621428571428572
26.633327251749822,1.0,1.0,1.0,0.9621428571428572
26.88001021537606,1.0,1.0,1.0,0.9621428571428572
27.128978003724658,1.0,1.0,1.0,0.9621428571428572
27.380251779278577,1.0,1.0,1.0,0.9628571428571429
27.6338529005317,1.0,1.0,1.0,0.9628571428571429
27.88980292380441,1.0,1.0,1.0,0.9628571428571429
28.1481236050758,1.0,1.0,1.0,0.9628571428571429
28.408836901833027,1.0,1.0,1.0,0.9628571428571429
28.671964974937698,1.0,1.0,1.0,0.9628571428571429
28.937530190509502,1.0,1.0,1.0,0.9628571428571429
29.205555121827466,1.0,1.0,1.0,0.9628571428571429
29.47606255124857,1.0,1.0,1.0,0.9635714285714285
29.749075472144405,1.0,1.0,1.0,0.9642857142857143
30.024617090855493,1.0,1.0,1.0,0.9642857142857143
30.30271082866396,1.0,1.0,1.0,0.965
30.583380323784333,1.0,1.0,1.0,0.965
30.86664943337273,1.0,1.0,1.0,0.965
31.15254223555488,1.0,1.0,1.0,0.9657142857142857
31.441083031472647,1.0,1.0,1.0,0.9657142857142857
31.732296347349763,1.0,1.0,1.0,0.9657142857142857
32.02620693657652,1.0,1.0,1.0,0.9657142857142857
32.32283978181379,1.0,1.0,1.0,0.9657142857142857
32.622220097116696,1.0,1.0,1.0,0.9657142857142857
32.924373330077685,1.0,1.0,1.0,0.9657142857142857
33.229325163989714,1.0,1.0,1.0,0.9657142857142857
33.5371015200293,1.0,1.0,1.0,0.9657142857142857
33.84772855945981,1.0,1.0,1.0,0.9657142857142857
34.16123268585528,1.0,1.0,1.0,0.9657142857142857
34.47764054734464,1.0,1.0,1.0,0.9657142857142857
34.79697903887691,1.0,1.0,1.0,0.9664285714285714
35.1192753045073,1.0,1.0,1.0,0.9664285714285714
35.44455673970434,1.0,1.0,1.0,0.9664285714285714
35.77285099367874,1.0,1.0,1.0,0.9664285714285714
36.10418597173337,1.0,1.0,1.0,0.9664285714285714
36.43858983763545,1.0,1.0,1.0,0.9664285714285714
36.77609101601033,1.0,1.0,1.0,0.9664285714285714
37.11671819475765,1.0,1.0,1.0,0.9664285714285714
37.46050032748993,1.0,1.0,1.0,0.9664285714285714
37.80746663599349,1.0,1.0,1.0,0.9664285714285714
38.15764661271248,1.0,1.0,1.0,0.9664285714285714
38.511070023255705,1.0,1.0,1.0,0.9664285714285714
38.867766908926654,1.0,1.0,1.0,0.9664285714285714
39.22776758927719,1.0,1.0,1.0,0.9664285714285714
39.591102664684584,1.0,1.0,1.0,0.9664285714285714
39.957803018952696,1.0,1.0,1.0,0.9664285714285714
40.32789982193707,1.0,1.0,1.0,0.9664285714285714
40.701424532194366,1.0,1.0,1.0,0.9664285714285714
41.078408899656466,1.0,1.0,1.0,0.9664285714285714
41.45888496832911,1.0,1.0,1.0,0.9664285714285714
41.84288507901582,1.0,1.0,1.0,0.9664285714285714
42.23044187206674,1.0,1.0,1.0,0.9664285714285714
42.62158829015323,1.0,1.0,1.0,0.9664285714285714
43.01635758106795,1.0,1.0,1.0,0.9664285714285714
43.41478330055092,1.0,1.0,1.0,0.9664285714285714
43.816899315141924,1.0,1.0,1.0,0.9664285714285714
44.22273980505899,1.0,1.0,1.0,0.9664285714285714
44.63233926710395,1.0,1.0,1.0,0.9664285714285714
45.04573251759459,1.0,1.0,1.0,0.9664285714285714
45.462954695323994,1.0,1.0,1.0,0.9664285714285714
45.88404126454759,1.0,1.0,1.0,0.9671428571428572
46.30902801799739,1.0,1.0,1.0,0.9671428571428572
46.73795107992461,1.0,1.0,1.0,0.9671428571428572
47.17084690917017,1.0,1.0,1.0,0.9671428571428572
47.607752302263684,1.0,1.0,1.0,0.9671428571428572
48.048704396551315,1.0,1.0,1.0,0.9671428571428572
48.493740673352356,1.0,1.0,1.0,0.9671428571428572
48.94289896114529,1.0,1.0,1.0,0.9671428571428572
49.396217438783204,1.0,1.0,1.0,0.9671428571428572
49.853734638738935,1.0,1.0,1.0,0.9671428571428572
50.31548945038054,1.0,1.0,1.0,0.9671428571428572
50.78152112327673,1.0,1.0,1.0,0.9678571428571429
51.2518692705333,1.0,1.0,1.0,0.9678571428571429
51.72657387216019,1.0,1.0,1.0,0.9678571428571429
52.205675278469755,1.0,1.0,1.0,0.9678571428571429
52.689214213506744,1.0,1.0,1.0,0.9678571428571429
53.17723177850969,1.0,1.0,1.0,0.9678571428571429
53.66976945540476,1.0,1.0,1.0,0.9678571428571429
54.16686911033152,1.0,1.0,1.0,0.9678571428571429
54.66857299720181,1.0,1.0,1.0,0.9678571428571429
55.17492376129126,1.0,1.0,1.0,0.9678571428571429
55.68596444286412,1.0,1.0,1.0,0.9678571428571429
56.20173848083188,1.0,1.0,1.0,0.9678571428571429
56.72228971644544,1.0,1.0,1.0,0.9678571428571429
57.247662397021784,1.0,1.0,1.0,0.9678571428571429
57.77790117970504,1.0,1.0,1.0,0.9678571428571429
58.313051135262214,1.0,1.0,1.0,0.9678571428571429
58.8531577519145,1.0,1.0,1.0,0.9678571428571429
59.398266939203566,1.0,1.0,1.0,0.9678571428571429
59.94842503189409,1.0,1.0,1.0,0.9678571428571429
60.503678793912215,1.0,1.0,1.0,0.9678571428571429
61.06407542232039,1.0,1.0,1.0,0.9678571428571429
61.629662551329425,1.0,1.0,1.0,0.9678571428571429
62.200488256347114,1.0,1.0,1.0,0.9678571428571429
62.776601058065,1.0,1.0,1.0,0.9678571428571429
63.35804992658251,1.0,1.0,1.0,0.9678571428571429
63.9448842855694,1.0,1.0,1.0,0.9678571428571429
64.53715401646701,1.0,1.0,1.0,0.9685714285714285
65.13490946272803,1.0,1.0,1.0,0.9685714285714285
65.73820143409586,1.0,1.0,1.0,0.9685714285714285
66.34708121092348,1.0,1.0,1.0,0.9685714285714285
66.96160054853219,1.0,1.0,1.0,0.9685714285714285
67.5818116816111,1.0,1.0,1.0,0.9685714285714285
68.20776732865686,1.0,1.0,1.0,0.9685714285714285
68.83952069645497,1.0,1.0,1.0,0.9685714285714285
69.47712548460237,1.0,1.0,1.0,0.9685714285714285
70.12063589007181,1.0,1.0,1.0,0.9692857142857143
70.77010661181889,1.0,1.0,1.0,0.9692857142857143
71.42559285543126,1.0,1.0,1.0,0.9692857142857143
72.08715033782136,1.0,1.0,1.0,0.9692857142857143
72.7548352919623,1.0,1.0,1.0,0.9692857142857143
73.42870447166761,1.0,1.0,1.0,0.97
74.1088151564157,1.0,1.0,1.0,0.97
74.79522515621821,1.0,1.0,1.0,0.97
75.48799281653436,1.0,1.0,1.0,0.97
76.18717702322995,1.0,1.0,1.0,0.97
76.8928372075831,1.0,1.0,1.0,0.97
77.6050333513357,1.0,1.0,1.0,0.97
78.32382599179196,1.0,1.0,1.0,0.97
79.04927622696424,1.0,1.0,1.0,0.97
79.78144572076624,1.0,1.0,1.0,0.97
80.52039670825474,1.0,1.0,1.0,0.97
81.26619200091946,1.0,1.0,1.0,0.97
82.01889499202203,1.0,1.0,1.0,0.97
82.77856966198476,1.0,1.0,1.0,0.97
83.54528058382867,1.0,1.0,1.0,0.97
84.31909292866256,1.0,1.0,1.0,0.97
85.10007247122246,1.0,1.0,1.0,0.97
85.88828559546249,1.0,1.0,1.0,0.97
86.68379930019779,1.0,1.0,1.0,0.97
87.4866812047991,1.0,1.0,1.0,0.97
88.29699955494087,1.0,1.0,1.0,0.97
89.11482322840202,1.0,1.0,1.0,0.97
89.94022174092044,1.0,1.0,1.0,0.97
90.77326525210228,1.0,1.0,1.0,0.97
91.61402457138516,1.0,1.0,1.0,0.97
92.46257116405738,1.0,1.0,1.0,0.97
93.31897715733238,1.0,1.0,1.0,0.97
94.18331534647952,1.0,1.0,1.0,0.97
95.05565920101196,1.0,1.0,1.0,0.97
95.93608287093141,1.0,1.0,1.0,0.97
96.82466119303123,1.0,1.0,1.0,0.97
97.72146969725725,1.0,1.0,1.0,0.97
98.6265846131282,1.0,1.0,1.0,0.97
99.54008287621524,1.0,1.0,1.0,0.97
100.46204213468131,1.0,1.0,1.0,0.97
101.39254075588153,1.0,1.0,1.0,0.97
102.3316578330245,1.0,1.0,1.0,0.97
103.27947319189515,1.0,1.0,1.0,0.97
104.23606739764011,1.0,1.0,1.0,0.97
105.20152176161591,1.0,1.0,1.0,0.97
106.17591834830002,1.0,1.0,1.0,0.97
107.15933998226711,1.0,1.0,1.0,0.97
108.15187025522881,1.0,1.0,1.0,0.97
109.1535935331391,1.0,1.0,1.0,0.97
110.16459496336569,1.0,1.0,1.0,0.97
111.1849604819271,1.0,1.0,1.0,0.97
112.21477682079802,1.0,1.0,1.0,0.97
113.25413151528114,1.0,1.0,1.0,0.97
114.30311291144787,1.0,1.0,1.0,0.97
115.36181017364785,1.0,1.0,1.0,0.97
116.43031329208767,1.0,1.0,1.0,0.97
117.50871309048075,1.0,1.0,1.0,0.97
118.59710123376694,1.0,1.0,1.0,0.97
119.69557023590428,1.0,1.0,1.0,0.97
120.8042134677329,1.0,1.0,1.0,0.97
121.92312516491107,1.0,1.0,1.0,0.97
123.05240043592616,1.0,1.0,1.0,0.97
124.19213527017834,1.0,1.0,1.0,0.97
125.34242654613995,1.0,1.0,1.0,0.97
126.50337203959037,1.0,1.0,1.0,0.97
127.67507043192657,1.0,1.0,1.0,0.97
128.8576213185518,1.0,1.0,1.0,0.97
130.05112521734085,1.0,1.0,1.0,0.97
131.25568357718427,1.0,1.0,1.0,0.97
132.47139878661176,1.0,1.0,1.0,0.97
133.69837418249466,1.0,1.0,1.0,0.97
134.93671405883066,1.0,1.0,1.0,0.97
136.18652367560813,1.0,1.0,1.0,0.97
137.44790926775366,1.0,1.0,1.0,0.97
138.7209780541621,1.0,1.0,1.0,0.97
140.00583824680976,1.0,1.0,1.0,0.97
141.30259905995337,1.0,1.0,1.0,0.97
142.61137071941283,1.0,1.0,1.0,0.97
143.93226447194064,1.0,1.0,1.0,0.97
145.26539259467813,1.0,1.0,1.0,0.97
146.61086840469844,1.0,1.0,1.0,0.97
147.96880626863964,1.0,1.0,1.0,0.97
149.33932161242518,1.0,1.0,1.0,0.97
150.72253093107557,1.0,1.0,1.0,0.97
152.1185517986105,1.0,1.0,1.0,0.97
153.52750287804227,1.0,1.0,1.0,0.97
154.94950393146317,1.0,1.0,1.0,0.97
156.3846758302246,1.0,1.0,1.0,0.97
157.8331405652118,1.0,1.0,1.0,0.97
159.29502125721228,1.0,1.0,1.0,0.97
160.77044216738236,1.0,1.0,1.0,0.97
162.25952870780873,1.0,1.0,1.0,0.97
163.76240745216873,1.0,1.0,1.0,0.97
165.27920614648954,1.0,1.0,1.0,0.97
166.81005372000593,1.0,1.0,1.0,0.97
168.35508029612024,1.0,1.0,1.0,0.97
169.9144172034626,1.0,1.0,1.0,0.97
171.48819698705393,1.0,1.0,1.0,0.97
173.07655341957258,1.0,1.0,1.0,0.97
174.67962151272457,1.0,1.0,1.0,0.97
176.29753752872057,1.0,1.0,1.0,0.97
177.93043899185773,1.0,1.0,1.0,0.97
179.5784647002095,1.0,1.0,1.0,0.97
181.24175473742378,1.0,1.0,1.0,0.97
182.92045048462938,1.0,1.0,1.0,0.97
184.61469463245476,1.0,1.0,1.0,0.97
186.324631193156,1.0,1.0,1.0,0.97
188.05040551285816,1.0,1.0,1.0,0.97
189.79216428391015,1.0,1.0,1.0,0.97
191.55005555735278,1.0,1.0,1.0,0.97
193.32422875550452,1.0,1.0,1.0,0.97
195.11483468466164,1.0,1.0,1.0,0.97
196.92202554791714,1.0,1.0,1.0,0.97
198.74595495809837,1.0,1.0,1.0,0.97
200.5867779508234,1.0,1.0,1.0,0.97
202.44465099768038,1.0,1.0,1.0,0.97
204.31973201952704,1.0,1.0,1.0,0.97
206.21218039991425,1.0,1.0,1.0,0.97
208.12215699863393,1.0,1.0,1.0,0.97
210.04982416539153,1.0,1.0,1.0,0.97
211.9953457536071,1.0,1.0,1.0,0.97
213.95888713434215,1.0,1.0,1.0,0.97
215.94061521035653,1.0,1.0,1.0,0.97
217.94069843029558,1.0,1.0,1.0,0.97
219.95930680300748,1.0,1.0,1.0,0.9707142857142858
221.99661191199547,1.0,1.0,1.0,0.9707142857142858
224.05278693000182,1.0,1.0,1.0,0.9707142857142858
226.12800663372772,1.0,1.0,1.0,0.9707142857142858
228.22244741868985,1.0,1.0,1.0,0.9707142857142858
230.33628731421314,1.0,1.0,1.0,0.9707142857142858
232.4697059985648,1.0,1.0,1.0,0.9707142857142858
234.62288481422624,1.0,1.0,1.0,0.9707142857142858
236.79600678330763,1.0,1.0,1.0,0.9707142857142858
238.98925662310504,1.0,1.0,1.0,0.9707142857142858
241.2028207618007,1.0,1.0,1.0,0.9707142857142858
243.43688735431104,1.0,1.0,1.0,0.9707142857142858
245.691646298279,1.0,1.0,1.0,0.9707142857142858
247.96728925021577,1.0,1.0,1.0,0.9707142857142858
250.26400964179192,1.0,1.0,1.0,0.9707142857142858
252.58200269627847,1.0,1.0,1.0,0.9707142857142858
254.9214654451423,1.0,1.0,1.0,0.9707142857142858
257.28259674479324,1.0,1.0,1.0,0.9707142857142858
259.665597293487,1.0,1.0,1.0,0.9707142857142858
262.07066964838526,1.0,1.0,1.0,0.9707142857142858
264.498018242772,1.0,1.0,1.0,0.9707142857142858
266.9478494034321,1.0,1.0,1.0,0.9707142857142858
269.4203713681882,1.0,1.0,1.0,0.9707142857142858
271.9157943036019,1.0,1.0,1.0,0.9707142857142858
274.43433032283656,1.0,1.0,1.0,0.9707142857142858
276.9761935036891,1.0,1.0,1.0,0.9707142857142858
279.5415999067856,1.0,1.0,1.0,0.9707142857142858
282.1307675939471,1.0,1.0,1.0,0.9707142857142858
284.74391664672476,1.0,1.0,1.0,0.9707142857142858
287.38126918510665,1.0,1.0,1.0,0.9707142857142858
290.04304938639916,1.0,1.0,1.0,0.9707142857142858
292.7294835042816,1.0,1.0,1.0,0.9707142857142858
295.440799888038,1.0,1.0,1.0,0.9707142857142858
298.17722900196736,1.0,1.0,1.0,0.9707142857142858
300.9390034449721,1.0,1.0,1.0,0.9707142857142858
303.72635797033115,1.0,1.0,1.0,0.9707142857142858
306.5395295056527,1.0,1.0,1.0,0.9707142857142858
309.3787571730137,1.0,1.0,1.0,0.9707142857142858
312.2442823092858,1.0,1.0,1.0,0.9707142857142858
315.13634848664793,1.0,1.0,1.0,0.9707142857142858
318.05520153329195,1.0,1.0,1.0,0.9707142857142858
321.00108955431716,1.0,1.0,1.0,0.9707142857142858
323.9742629528196,1.0,1.0,1.0,0.9707142857142858
326.9749744511768,1.0,1.0,1.0,0.9714285714285714
330.0034791125285,1.0,1.0,1.0,0.9714285714285714
333.06003436245885,1.0,1.0,1.0,0.9714285714285714
336.1449000108765,1.0,1.0,1.0,0.9714285714285714
339.2583382740992,1.0,1.0,1.0,0.9714285714285714
342.40061379714257,1.0,1.0,1.0,0.9714285714285714
345.57199367621394,1.0,1.0,1.0,0.9714285714285714
348.77274748141775,1.0,1.0,1.0,0.9714285714285714
352.00314727966787,1.0,1.0,1.0,0.9714285714285714
355.2634676578139,1.0,1.0,1.0,0.9714285714285714
358.5539857459817,1.0,1.0,1.0,0.9714285714285714
361.874981241128,1.0,1.0,1.0,0.9714285714285714
365.22673643081754,1.0,1.0,1.0,0.9714285714285714
368.6095362172158,1.0,1.0,1.0,0.9714285714285714
372.0236681413066,1.0,1.0,1.0,0.9714285714285714
375.4694224073337,1.0,1.0,1.0,0.9714285714285714
378.94709190746676,1.0,1.0,1.0,0.9714285714285714
382.45697224669993,1.0,1.0,1.0,0.9714285714285714
385.9993617679767,1.0,1.0,1.0,0.9714285714285714
389.5745615775501,1.0,1.0,1.0,0.9714285714285714
393.18287557057704,1.0,1.0,1.0,0.9721428571428572
396.82461045694816,1.0,1.0,1.0,0.9721428571428572
400.5000757873611,1.0,1.0,1.0,0.9721428571428572
404.20958397963057,1.0,1.0,1.0,0.9721428571428572
407.9534503452449,1.0,1.0,1.0,0.9721428571428572
411.7319931161679,1.0,1.0,1.0,0.9721428571428572
415.54553347188755,1.0,1.0,1.0,0.9721428571428572
419.39439556671863,1.0,1.0,1.0,0.9721428571428572
423.27890655735484,1.0,1.0,1.0,0.9721428571428572
427.19939663067765,1.0,1.0,1.0,0.9721428571428572
431.15619903182284,1.0,1.0,1.0,0.9728571428571429
435.149650092505,1.0,1.0,1.0,0.9728571428571429
439.1800892596086,1.0,1.0,1.0,0.9728571428571429
443.2478591240396,1.0,1.0,1.0,0.9728571428571429
447.3533054498463,1.0,1.0,1.0,0.9728571428571429
451.4967772036102,1.0,1.0,1.0,0.9728571428571429
455.6786265841064,1.0,1.0,1.0,0.9728571428571429
459.8992090522438,1.0,1.0,1.0,0.9728571428571429
464.15888336127773,1.0,1.0,1.0,0.9728571428571429
468.4580115873045,1.0,1.0,1.0,0.9728571428571429
472.7969591600391,1.0,1.0,1.0,0.9728571428571429
477.17609489387456,1.0,1.0,1.0,0.9728571428571429
481.5957910192351,1.0,1.0,1.0,0.9728571428571429
486.0564232142134,1.0,1.0,1.0,0.9728571428571429
490.55837063650455,1.0,1.0,1.0,0.9728571428571429
495.1020159556351,1.0,1.0,1.0,0.9728571428571429
499.68774538548837,1.0,1.0,1.0,0.9728571428571429
504.3159487171359,1.0,1.0,1.0,0.9728571428571429
508.98701935196794,1.0,1.0,1.0,0.9728571428571429
513.7013543351344,1.0,1.0,1.0,0.9735714285714285
518.4593543892913,1.0,1.0,1.0,0.9735714285714285
523.2614239486662,1.0,1.0,1.0,0.9735714285714285
528.1079711934331,1.0,1.0,1.0,0.9735714285714285
532.9994080844087,1.0,1.0,1.0,0.9735714285714285
537.9361503980704,1.0,1.0,1.0,0.9735714285714285
542.9186177618943,1.0,1.0,1.0,0.9735714285714285
547.9472336900287,1.0,1.0,1.0,0.9735714285714285
553.0224256192901,1.0,1.0,1.0,0.9735714285714285
558.144624945496,1.0,1.0,1.0,0.9735714285714285
563.3142670601358,1.0,1.0,1.0,0.9735714285714285
568.5317913873754,1.0,1.0,1.0,0.9735714285714285
573.7976414214133,1.0,1.0,1.0,0.9735714285714285
579.1122647641758,1.0,1.0,1.0,0.9735714285714285
584.4761131633632,1.0,1.0,1.0,0.9735714285714285
589.8896425508499,1.0,1.0,1.0,0.9735714285714285
595.353313081437,1.0,1.0,1.0,0.9735714285714285
600.8675891719687,1.0,1.0,1.0,0.9735714285714285
606.4329395408062,1.0,1.0,1.0,0.9735714285714285
612.0498372476696,1.0,1.0,1.0,0.9735714285714285
617.7187597338494,1.0,1.0,1.0,0.9735714285714285
623.4401888627864,1.0,1.0,1.0,0.9735714285714285
629.2146109610344,1.0,1.0,1.0,0.9735714285714285
635.0425168595962,1.0,1.0,1.0,0.9735714285714285
640.924401935645,1.0,1.0,1.0,0.9735714285714285
646.8607661546328,1.0,1.0,1.0,0.9735714285714285
652.8521141127848,1.0,1.0,1.0,0.9742857142857143
658.898955079995,1.0,1.0,1.0,0.9742857142857143
665.0018030431119,1.0,1.0,1.0,0.9742857142857143
671.161176749628,1.0,1.0,1.0,0.9742857142857143
677.3775997517752,1.0,1.0,1.0,0.9742857142857143
683.6516004510238,1.0,1.0,1.0,0.9742857142857143
689.9837121430019,1.0,1.0,1.0,0.975
696.3744730628222,1.0,1.0,1.0,0.975
702.8244264308346,1.0,1.0,1.0,0.9757142857142858
709.3341204987997,1.0,1.0,1.0,0.9757142857142858
715.9041085964889,1.0,1.0,1.0,0.9757142857142858
722.5349491787214,1.0,1.0,1.0,0.9757142857142858
729.2272058728313,1.0,1.0,1.0,0.9757142857142858
735.9814475265764,1.0,1.0,1.0,0.9757142857142858
742.7982482564919,1.0,1.0,1.0,0.9757142857142858
749.6781874966877,1.0,1.0,1.0,0.9757142857142858
756.6218500481056,1.0,1.0,1.0,0.9757142857142858
763.6298261282242,1.0,1.0,1.0,0.9757142857142858
770.7027114212295,1.0,1.0,1.0,0.9757142857142858
777.841107128649,1.0,1.0,1.0,0.9757142857142858
785.0456200204509,1.0,1.0,1.0,0.9757142857142858
792.3168624866254,1.0,1.0,1.0,0.9757142857142858
799.6554525892346,1.0,1.0,1.0,0.9757142857142858
807.0620141149499,1.0,1.0,1.0,0.9757142857142858
814.5371766280746,1.0,1.0,1.0,0.9757142857142858
822.0815755240541,1.0,1.0,1.0,0.9757142857142858
829.6958520834906,1.0,1.0,1.0,0.9757142857142858
837.380653526649,1.0,1.0,1.0,0.9757142857142858
845.1366330684713,1.0,1.0,1.0,0.9757142857142858
852.9644499741025,1.0,1.0,1.0,0.9757142857142858
860.8647696149245,1.0,1.0,1.0,0.9757142857142858
868.8382635251185,1.0,1.0,1.0,0.9757142857142858
876.8856094587427,1.0,1.0,1.0,0.9757142857142858
885.0074914473439,1.0,1.0,1.0,0.9757142857142858
893.2045998580968,1.0,1.0,1.0,0.9757142857142858
901.4776314524918,1.0,1.0,1.0,0.9757142857142858
909.8272894455558,1.0,1.0,1.0,0.9757142857142858
918.2542835656282,1.0,1.0,1.0,0.9757142857142858
926.7593301146883,1.0,1.0,1.0,0.9757142857142858
935.3431520292387,1.0,1.0,1.0,0.9757142857142858
944.0064789417603,1.0,1.0,1.0,0.9757142857142858
952.750047242729,1.0,1.0,1.0,0.9757142857142858
961.5746001432095,1.0,1.0,1.0,0.9757142857142858
970.4808877380307,1.0,1.0,1.0,0.9757142857142858
979.4696670695396,1.0,1.0,1.0,0.9757142857142858
988.5417021919574,1.0,1.0,1.0,0.9757142857142858
997.6977642363202,1.0,1.0,1.0,0.9757142857142858
1006.9386314760271,1.0,1.0,1.0,0.9757142857142858
1016.2650893929952,1.0,1.0,1.0,0.9757142857142858
1025.677930744422,1.0,1.0,1.0,0.9757142857142858
1035.1779556301763,1.0,1.0,1.0,0.9757142857142858
1044.7659715608042,1.0,1.0,1.0,0.9757142857142858
1054.4427935261685,1.0,1.0,1.0,0.9757142857142858
1064.2092440647245,1.0,1.0,1.0,0.9757142857142858
1074.0661533334335,1.0,1.0,1.0,0.9757142857142858
1084.014359178331,1.0,1.0,1.0,0.9757142857142858
1094.0547072057425,1.0,1.0,1.0,0.9757142857142858
1104.18805085416,1.0,1.0,1.0,0.9757142857142858
1114.415251466788,1.0,1.0,1.0,0.9757142857142858
1124.737178364752,1.0,1.0,1.0,0.9757142857142858
1135.154708920999,1.0,1.0,1.0,0.9757142857142858
1145.6687286348715,1.0,1.0,1.0,0.9757142857142858
1156.2801312073755,1.0,1.0,1.0,0.9757142857142858
1166.9898186171474,1.0,1.0,1.0,0.9757142857142858
1177.7987011971193,1.0,1.0,1.0,0.9757142857142858
1188.7076977119034,1.0,1.0,1.0,0.9757142857142858
1199.7177354358844,1.0,1.0,1.0,0.9757142857142858
1210.8297502320395,1.0,1.0,1.0,0.9757142857142858
1222.0446866314887,1.0,1.0,1.0,0.9757142857142858
1233.363497913776,1.0,1.0,1.0,0.9757142857142858
1244.787146187906,1.0,1.0,1.0,0.9764285714285714
1256.3166024741201,1.0,1.0,1.0,0.9764285714285714
1267.9528467864338,1.0,1.0,1.0,0.9764285714285714
1279.6968682159415,1.0,1.0,1.0,0.9764285714285714
1291.549665014884,1.0,1.0,1.0,0.9764285714285714
1303.512244681509,1.0,1.0,1.0,0.9764285714285714
1315.5856240457038,1.0,1.0,1.0,0.9764285714285714
1327.770829355429,1.0,1.0,1.0,0.9764285714285714
1340.0688963639507,1.0,1.0,1.0,0.9764285714285714
1352.4808704178754,1.0,1.0,1.0,0.9764285714285714
1365.0078065460139,1.0,1.0,1.0,0.9764285714285714
1377.6507695490536,1.0,1.0,1.0,0.9764285714285714
1390.4108340900696,1.0,1.0,1.0,0.9764285714285714
1403.2890847858732,1.0,1.0,1.0,0.9764285714285714
1416.2866162991988,1.0,1.0,1.0,0.9764285714285714
1429.4045334317611,1.0,1.0,1.0,0.9764285714285714
1442.6439512181573,1.0,1.0,1.0,0.9764285714285714
1456.0059950206485,1.0,1.0,1.0,0.9764285714285714
1469.4918006248172,1.0,1.0,1.0,0.9764285714285714
1483.1025143361044,1.0,1.0,1.0,0.9764285714285714
1496.8392930772557,1.0,1.0,1.0,0.9764285714285714
1510.7033044866541,1.0,1.0,1.0,0.9764285714285714
1524.695727017573,1.0,1.0,1.0,0.9764285714285714
1538.8177500383463,1.0,1.0,1.0,0.9764285714285714
1553.07057393346,1.0,1.0,1.0,0.9764285714285714
1567.455410205595,1.0,1.0,1.0,0.9764285714285714
1581.9734815785998,1.0,1.0,1.0,0.9764285714285714
1596.6260221014252,1.0,1.0,1.0,0.9764285714285714
1611.41427725302,1.0,1.0,1.0,0.9764285714285714
1626.3395040481923,1.0,1.0,1.0,0.9764285714285714
1641.4029711444664,1.0,1.0,1.0,0.9764285714285714
1656.6059589499134,1.0,1.0,1.0,0.9764285714285714
1671.94975973199,1.0,1.0,1.0,0.9764285714285714
1687.4356777273756,1.0,1.0,1.0,0.9764285714285714
1703.0650292528444,1.0,1.0,1.0,0.9764285714285714
1718.8391428171456,1.0,1.0,1.0,0.9764285714285714
1734.7593592339308,1.0,1.0,1.0,0.9764285714285714
1750.827031735725,1.0,1.0,1.0,0.9764285714285714
1767.0435260889467,1.0,1.0,1.0,0.9764285714285714
1783.4102207100082,1.0,1.0,1.0,0.9764285714285714
1799.9285067824765,1.0,1.0,1.0,0.9764285714285714
1816.5997883753266,1.0,1.0,1.0,0.9764285714285714
1833.4254825622907,1.0,1.0,1.0,0.9764285714285714
1850.4070195423021,1.0,1.0,1.0,0.9764285714285714
1867.545842761076,1.0,1.0,1.0,0.9764285714285714
1884.8434090337953,1.0,1.0,1.0,0.9764285714285714
1902.301188668944,1.0,1.0,1.0,0.9771428571428571
1919.9206655932849,1.0,1.0,1.0,0.9771428571428571
1937.703337477989,1.0,1.0,1.0,0.9771428571428571
1955.650715865949,1.0,1.0,1.0,0.9771428571428571
1973.7643263002553,1.0,1.0,1.0,0.9771428571428571
1992.0457084538693,1.0,1.0,1.0,0.9771428571428571
2010.496416260499,1.0,1.0,1.0,0.9771428571428571
2029.1180180466781,1.0,1.0,1.0,0.9771428571428571
2047.9120966650855,1.0,1.0,1.0,0.9771428571428571
2066.880249629082,1.0,1.0,1.0,0.9771428571428571
2086.0240892485026,1.0,1.0,1.0,0.9771428571428571
2105.345242766706,1.0,1.0,1.0,0.9771428571428571
2124.8453524988827,1.0,1.0,1.0,0.9771428571428571
2144.5260759716675,1.0,1.0,1.0,0.9771428571428571
2164.3890860640204,1.0,1.0,1.0,0.9771428571428571
2184.436071149426,1.0,1.0,1.0,0.9771428571428571
2204.6687352394097,1.0,1.0,1.0,0.9771428571428571
2225.0887981283695,1.0,1.0,1.0,0.9771428571428571
2245.697995539774,1.0,1.0,1.0,0.9771428571428571
2266.498079273693,1.0,1.0,1.0,0.9771428571428571
2287.490817355702,1.0,1.0,1.0,0.9771428571428571
2308.6779941871696,1.0,1.0,1.0,0.9771428571428571
2330.0614106969247,1.0,1.0,1.0,0.9771428571428571
2351.6428844943484,1.0,1.0,1.0,0.9771428571428571
2373.424250023866,1.0,1.0,1.0,0.9771428571428571
2395.407358720877,1.0,1.0,1.0,0.9771428571428571
2417.594079169131,1.0,1.0,1.0,0.9771428571428571
2439.98629725955,1.0,1.0,1.0,0.9771428571428571
2462.5859163505465,1.0,1.0,1.0,0.9771428571428571
2485.3948574297983,1.0,1.0,1.0,0.9771428571428571
2508.4150592775386,1.0,1.0,1.0,0.9771428571428571
2531.6484786313554,1.0,1.0,1.0,0.9771428571428571
2555.097090352507,1.0,1.0,1.0,0.9771428571428571
2578.7628875938008,1.0,1.0,1.0,0.9771428571428571
2602.6478819690046,1.0,1.0,1.0,0.9771428571428571
2626.7541037238357,1.0,1.0,1.0,0.9771428571428571
2651.083601908539,1.0,1.0,1.0,0.9771428571428571
2675.6384445520453,1.0,1.0,1.0,0.9771428571428571
2700.4207188377727,1.0,1.0,1.0,0.9771428571428571
2725.432531281028,1.0,1.0,1.0,0.9771428571428571
2750.6760079080645,1.0,1.0,1.0,0.9771428571428571
2776.153294436801,1.0,1.0,1.0,0.9778571428571429
2801.866556459195,1.0,1.0,1.0,0.9778571428571429
2827.817979625341,1.0,1.0,1.0,0.9778571428571429
2854.0097698292375,1.0,1.0,1.0,0.9778571428571429
2880.4441533962977,1.0,1.0,1.0,0.9778571428571429
2907.123377272578,1.0,1.0,1.0,0.9778571428571429
2934.049709215787,1.0,1.0,1.0,0.9778571428571429
2961.2254379880346,1.0,1.0,1.0,0.9778571428571429
2988.6528735503825,1.0,1.0,1.0,0.9778571428571429
3016.3343472591973,1.0,1.0,1.0,0.9778571428571429
3044.272212064303,1.0,1.0,1.0,0.9778571428571429
3072.4688427090036,1.0,1.0,1.0,0.9778571428571429
3100.9266359319267,1.0,1.0,1.0,0.9778571428571429
3129.6480106707504,1.0,1.0,1.0,0.9785714285714285
3158.635408267819,1.0,1.0,1.0,0.9792857142857143
3187.8912926776457,1.0,1.0,1.0,0.9792857142857143
3217.4181506763716,1.0,1.0,1.0,0.9792857142857143
3247.218492073129,1.0,1.0,1.0,0.9792857142857143
3277.294849923382,1.0,1.0,1.0,0.9792857142857143
3307.6497807442424,1.0,1.0,1.0,0.9792857142857143
3338.285864731761,1.0,1.0,1.0,0.9792857142857143
3369.2057059802673,1.0,1.0,1.0,0.9792857142857143
3400.411932703706,1.0,1.0,1.0,0.9792857142857143
3431.9071974590424,1.0,1.0,1.0,0.9792857142857143
3463.6941773717344,1.0,1.0,1.0,0.9792857142857143
3495.775574363275,1.0,1.0,1.0,0.9792857142857143
3528.154115380883,1.0,1.0,1.0,0.9792857142857143
3560.832552629278,1.0,1.0,1.0,0.9792857142857143
3593.813663804626,1.0,1.0,1.0,0.9792857142857143
3627.1002523306483,1.0,1.0,1.0,0.9792857142857143
3660.695147596902,1.0,1.0,1.0,0.9792857142857143
3694.6012051993025,1.0,1.0,1.0,0.98
3728.8213071828336,1.0,1.0,1.0,0.98
3763.3583622865326,1.0,1.0,1.0,0.98
3798.215306190736,1.0,1.0,1.0,0.98
3833.3951017666013,1.0,1.0,1.0,0.98
3868.9007393279753,1.0,1.0,1.0,0.98
3904.73523688556,1.0,1.0,1.0,0.98
3940.901640403448,1.0,1.0,1.0,0.98
3977.403024058037,1.0,1.0,1.0,0.98
4014.242490499322,1.0,1.0,1.0,0.98
4051.423171114647,1.0,1.0,1.0,0.98
4088.9482262948604,1.0,1.0,1.0,0.98
4126.820845702951,1.0,1.0,1.0,0.98
4165.044248545185,1.0,1.0,1.0,0.98
4203.6216838447135,1.0,1.0,1.0,0.98
4242.556430717777,1.0,1.0,1.0,0.98
4281.851798652411,1.0,1.0,1.0,0.98
4321.511127789762,1.0,1.0,1.0,0.98
4361.537789208006,1.0,1.0,1.0,0.98
4401.935185208875,1.0,1.0,1.0,0.98
4442.706749606883,1.0,1.0,1.0,0.98
4483.855948021186,1.0,1.0,1.0,0.98
4525.386278170166,1.0,1.0,1.0,0.98
4567.301270168747,1.0,1.0,1.0,0.98
4609.604486828433,1.0,1.0,1.0,0.98
4652.29952396019,1.0,1.0,1.0,0.98
4695.390010680058,1.0,1.0,1.0,0.98
4738.879609717651,1.0,1.0,1.0,0.98
4782.772017727485,1.0,1.0,1.0,0.98
4827.070965603183,1.0,1.0,1.0,0.98
4871.780218794631,1.0,1.0,1.0,0.98
4916.903577628026,1.0,1.0,1.0,0.98
4962.444877628914,1.0,1.0,1.0,0.98
5008.407989848212,1.0,1.0,1.0,0.98
5054.79682119124,1.0,1.0,1.0,0.98
5101.6153147498335,1.0,1.0,1.0,0.9807142857142858
5148.867450137493,1.0,1.0,1.0,0.9807142857142858
5196.557243827658,1.0,1.0,1.0,0.9807142857142858
5244.688749495119,1.0,1.0,1.0,0.9807142857142858
5293.266058360561,1.0,1.0,1.0,0.9807142857142858
5342.293299538353,1.0,1.0,1.0,0.9807142857142858
5391.7746403875,1.0,1.0,1.0,0.9807142857142858
5441.714286865893,1.0,1.0,1.0,0.9807142857142858
5492.116483887789,1.0,1.0,1.0,0.9807142857142858
5542.985515684669,1.0,1.0,1.0,0.9807142857142858
5594.325706169378,1.0,1.0,1.0,0.9807142857142858
5646.141419303667,1.0,1.0,1.0,0.9807142857142858
5698.437059469142,1.0,1.0,1.0,0.9807142857142858
5751.217071841614,1.0,1.0,1.0,0.9807142857142858
5804.485942768978,1.0,1.0,1.0,0.9807142857142858
5858.248200152536,1.0,1.0,1.0,0.9807142857142858
5912.508413831875,1.0,1.0,1.0,0.9807142857142858
5967.271195973317,1.0,1.0,1.0,0.9807142857142858
6022.541201461928,1.0,1.0,1.0,0.9807142857142858
6078.32312829723,1.0,1.0,1.0,0.9807142857142858
6134.621717992506,1.0,1.0,1.0,0.9807142857142858
6191.441755977841,1.0,1.0,1.0,0.9807142857142858
6248.788072006894,1.0,1.0,1.0,0.9807142857142858
6306.6655405674055,1.0,1.0,1.0,0.9807142857142858
6365.079081295571,1.0,1.0,1.0,0.9807142857142858
6424.033659394191,1.0,1.0,1.0,0.9807142857142858
6483.534286054721,1.0,1.0,1.0,0.9807142857142858
6543.586018883236,1.0,1.0,1.0,0.9807142857142858
6604.193962330305,1.0,1.0,1.0,0.9807142857142858
6665.363268124914,1.0,1.0,1.0,0.9807142857142858
6727.099135712337,1.0,1.0,1.0,0.9807142857142858
6789.406812696106,1.0,1.0,1.0,0.9807142857142858
6852.291595284064,1.0,1.0,1.0,0.9807142857142858
6915.758828738525,1.0,1.0,1.0,0.9807142857142858
6979.81390783066,1.0,1.0,1.0,0.9807142857142858
7044.462277299037,1.0,1.0,1.0,0.9807142857142858
7109.709432312431,1.0,1.0,1.0,0.9807142857142858
7175.560918936929,1.0,1.0,1.0,0.9807142857142858
7242.022334607315,1.0,1.0,1.0,0.9807142857142858
7309.099328602911,1.0,1.0,1.0,0.9807142857142858
7376.79760252773,1.0,1.0,1.0,0.9807142857142858
7445.122910795136,1.0,1.0,1.0,0.9807142857142858
7514.08106111697,1.0,1.0,1.0,0.9807142857142858
7583.677914997191,1.0,1.0,1.0,0.9807142857142858
7653.919388230148,1.0,1.0,1.0,0.9807142857142858
7724.8114514034005,1.0,1.0,1.0,0.9807142857142858
7796.360130405229,1.0,1.0,1.0,0.9807142857142858
7868.571506936852,1.0,1.0,1.0,0.9807142857142858
7941.45171902934,1.0,1.0,1.0,0.9807142857142858
8015.006961565405,1.0,1.0,1.0,0.9807142857142858
8089.243486805938,1.0,1.0,1.0,0.9814285714285714
8164.167604921464,1.0,1.0,1.0,0.9814285714285714
8239.78568452852,1.0,1.0,1.0,0.9814285714285714
8316.104153230961,1.0,1.0,1.0,0.9814285714285714
8393.129498166365,1.0,1.0,1.0,0.9814285714285714
8470.868266557402,1.0,1.0,1.0,0.9814285714285714
8549.327066268375,1.0,1.0,1.0,0.9814285714285714
8628.512566366895,1.0,1.0,1.0,0.9814285714285714
8708.431497690724,1.0,1.0,1.0,0.9814285714285714
8789.090653419955,1.0,1.0,1.0,0.9814285714285714
8870.496889654403,1.0,1.0,1.0,0.9814285714285714
8952.657125996391,1.0,1.0,1.0,0.9814285714285714
9035.57834613893,1.0,1.0,1.0,0.9814285714285714
9119.267598459299,1.0,1.0,1.0,0.9814285714285714
9203.73199661822,1.0,1.0,1.0,0.9814285714285714
9288.978720164498,1.0,1.0,1.0,0.9814285714285714
9375.015015145289,1.0,1.0,1.0,0.9814285714285714
9461.848194722003,1.0,1.0,1.0,0.9814285714285714
9549.485639791967,1.0,1.0,1.0,0.9814285714285714
9637.934799615785,1.0,1.0,1.0,0.9814285714285714
9727.203192450537,1.0,1.0,1.0,0.9814285714285714
9817.29840618884,1.0,1.0,1.0,0.9814285714285714
9908.228099003798,1.0,1.0,1.0,0.9814285714285714
10000.0,1.0,1.0,1.0,0.9814285714285714
