tau,SCS-3.0,OSQP,COSMO,SCS_ALT
1.0,0.41379310344827586,0.1724137931034483,0.06896551724137931,0.5517241379310345
1.0092621909870476,0.4482758620689655,0.1724137931034483,0.06896551724137931,0.5517241379310345
1.0186101701559758,0.4482758620689655,0.1724137931034483,0.06896551724137931,0.5517241379310345
1.0280447320933093,0.4482758620689655,0.1724137931034483,0.06896551724137931,0.5517241379310345
1.0375666787451858,0.4482758620689655,0.1724137931034483,0.06896551724137931,0.5517241379310345
1.0471768194855202,0.4482758620689655,0.1724137931034483,0.06896551724137931,0.5517241379310345
1.0568759711848041,0.4482758620689655,0.1724137931034483,0.06896551724137931,0.5517241379310345
1.0666649582795393,0.4482758620689655,0.1724137931034483,0.06896551724137931,0.5517241379310345
1.0765446128423155,0.4482758620689655,0.1724137931034483,0.06896551724137931,0.5517241379310345
1.0865157746525382,0.4482758620689655,0.1724137931034483,0.06896551724137931,0.5517241379310345
1.0965792912678098,0.4482758620689655,0.1724137931034483,0.06896551724137931,0.5517241379310345
1.1067360180959736,0.4482758620689655,0.1724137931034483,0.06896551724137931,0.5517241379310345
1.116986818467823,0.4482758620689655,0.1724137931034483,0.06896551724137931,0.5517241379310345
1.1273325637104867,0.4827586206896552,0.1724137931034483,0.06896551724137931,0.5517241379310345
1.1377741332214912,0.5172413793103449,0.1724137931034483,0.06896551724137931,0.5517241379310345
1.148312414543511,0.5172413793103449,0.1724137931034483,0.06896551724137931,0.5517241379310345
1.158948303439811,0.5172413793103449,0.1724137931034483,0.06896551724137931,0.5517241379310345
1.1696827039703852,0.5172413793103449,0.1724137931034483,0.06896551724137931,0.5517241379310345
1.180516528568805,0.5172413793103449,0.1724137931034483,0.06896551724137931,0.5862068965517241
1.1914506981197759,0.5172413793103449,0.1724137931034483,0.06896551724137931,0.5862068965517241
1.2024861420374122,0.5172413793103449,0.1724137931034483,0.06896551724137931,0.5862068965517241
1.2136237983442408,0.5517241379310345,0.1724137931034483,0.06896551724137931,0.5862068965517241
1.2248646137509314,0.5517241379310345,0.1724137931034483,0.06896551724137931,0.5862068965517241
1.2362095437367686,0.5517241379310345,0.1724137931034483,0.06896551724137931,0.5862068965517241
1.2476595526308696,0.5517241379310345,0.1724137931034483,0.06896551724137931,0.5862068965517241
1.259215613694151,0.5517241379310345,0.1724137931034483,0.06896551724137931,0.5862068965517241
1.2708787092020586,0.5517241379310345,0.1724137931034483,0.06896551724137931,0.5862068965517241
1.2826498305280605,0.5862068965517241,0.1724137931034483,0.06896551724137931,0.5862068965517241
1.2945299782279156,0.5862068965517241,0.1724137931034483,0.06896551724137931,0.6206896551724138
1.306520162124721,0.6206896551724138,0.1724137931034483,0.06896551724137931,0.6551724137931034
1.3186214013947486,0.6206896551724138,0.1724137931034483,0.06896551724137931,0.6896551724137931
1.330834724654075,0.6206896551724138,0.1724137931034483,0.06896551724137931,0.6896551724137931
1.343161170046016,0.6206896551724138,0.1724137931034483,0.06896551724137931,0.6896551724137931
1.3556017853293685,0.6206896551724138,0.1724137931034483,0.06896551724137931,0.6896551724137931
1.3681576279674716,0.6206896551724138,0.1724137931034483,0.06896551724137931,0.6896551724137931
1.3808297652180925,0.6206896551724138,0.1724137931034483,0.06896551724137931,0.6896551724137931
1.3936192742241424,0.6206896551724138,0.1724137931034483,0.06896551724137931,0.6896551724137931
1.406527242105237,0.6206896551724138,0.1724137931034483,0.06896551724137931,0.6896551724137931
1.4195547660501011,0.6206896551724138,0.1724137931034483,0.06896551724137931,0.6896551724137931
1.4327029534098308,0.6206896551724138,0.1724137931034483,0.06896551724137931,0.6896551724137931
1.4459729217920199,0.6206896551724138,0.1724137931034483,0.06896551724137931,0.6896551724137931
1.4593657991557567,0.6206896551724138,0.20689655172413793,0.06896551724137931,0.6896551724137931
1.4728827239075026,0.6551724137931034,0.20689655172413793,0.06896551724137931,0.6896551724137931
1.4865248449978568,0.6551724137931034,0.20689655172413793,0.06896551724137931,0.6896551724137931
1.5002933220192183,0.6551724137931034,0.20689655172413793,0.06896551724137931,0.6896551724137931
1.5141893253043521,0.6551724137931034,0.20689655172413793,0.06896551724137931,0.6896551724137931
1.5282140360258698,0.6551724137931034,0.20689655172413793,0.06896551724137931,0.6896551724137931
1.5423686462966282,0.6551724137931034,0.20689655172413793,0.06896551724137931,0.6896551724137931
1.5566543592710615,0.6551724137931034,0.20689655172413793,0.06896551724137931,0.6896551724137931
1.5710723892474503,0.6551724137931034,0.20689655172413793,0.06896551724137931,0.6896551724137931
1.5856239617711374,0.6551724137931034,0.20689655172413793,0.06896551724137931,0.6896551724137931
1.6003103137387007,0.6551724137931034,0.20689655172413793,0.06896551724137931,0.6896551724137931
1.6151326935030905,0.6551724137931034,0.20689655172413793,0.06896551724137931,0.6896551724137931
1.6300923609797406,0.6551724137931034,0.20689655172413793,0.06896551724137931,0.7241379310344828
1.6451905877536626,0.6551724137931034,0.20689655172413793,0.06896551724137931,0.7241379310344828
1.66042865718753,0.6551724137931034,0.2413793103448276,0.06896551724137931,0.7241379310344828
1.6758078645307677,0.6551724137931034,0.2413793103448276,0.06896551724137931,0.7586206896551724
1.691329517029648,0.6551724137931034,0.2413793103448276,0.06896551724137931,0.7586206896551724
1.7069949340384074,0.6551724137931034,0.2413793103448276,0.06896551724137931,0.7586206896551724
1.722805447131394,0.6551724137931034,0.2413793103448276,0.06896551724137931,0.7586206896551724
1.7387624002162507,0.6551724137931034,0.2413793103448276,0.06896551724137931,0.7586206896551724
1.754867149648151,0.6551724137931034,0.2413793103448276,0.06896551724137931,0.7586206896551724
1.7711210643450879,0.6551724137931034,0.2413793103448276,0.06896551724137931,0.7586206896551724
1.787525525904235,0.6896551724137931,0.2413793103448276,0.06896551724137931,0.7586206896551724
1.8040819287193828,0.6896551724137931,0.2413793103448276,0.06896551724137931,0.7586206896551724
1.820791680099463,0.6896551724137931,0.2413793103448276,0.06896551724137931,0.7586206896551724
1.8376562003881711,0.6896551724137931,0.2413793103448276,0.06896551724137931,0.7586206896551724
1.8546769230846987,0.6896551724137931,0.27586206896551724,0.06896551724137931,0.7586206896551724
1.8718552949655787,0.7241379310344828,0.27586206896551724,0.06896551724137931,0.7586206896551724
1.8891927762076663,0.7241379310344828,0.27586206896551724,0.06896551724137931,0.7586206896551724
1.9066908405122525,0.7241379310344828,0.27586206896551724,0.06896551724137931,0.7586206896551724
1.924350975230331,0.7241379310344828,0.27586206896551724,0.06896551724137931,0.7586206896551724
1.9421746814890257,0.7241379310344828,0.27586206896551724,0.06896551724137931,0.7586206896551724
1.9601634743191854,0.7241379310344828,0.27586206896551724,0.06896551724137931,0.7586206896551724
1.9783188827841642,0.7241379310344828,0.27586206896551724,0.06896551724137931,0.7586206896551724
1.996642450109794,0.7241379310344828,0.27586206896551724,0.06896551724137931,0.7586206896551724
2.0151357338155576,0.7241379310344828,0.27586206896551724,0.06896551724137931,0.7586206896551724
2.0338003058469813,0.7241379310344828,0.27586206896551724,0.06896551724137931,0.7586206896551724
2.052637752709252,0.7241379310344828,0.27586206896551724,0.06896551724137931,0.7586206896551724
2.071649675602069,0.7241379310344828,0.27586206896551724,0.06896551724137931,0.7586206896551724
2.0908376905557504,0.7586206896551724,0.27586206896551724,0.06896551724137931,0.7586206896551724
2.1102034285685956,0.7931034482758621,0.27586206896551724,0.06896551724137931,0.7586206896551724
2.12974853574552,0.7931034482758621,0.27586206896551724,0.06896551724137931,0.7586206896551724
2.14947467343798,0.7931034482758621,0.27586206896551724,0.06896551724137931,0.7586206896551724
2.1693835183851844,0.7931034482758621,0.27586206896551724,0.06896551724137931,0.7586206896551724
2.1894767628566214,0.7931034482758621,0.27586206896551724,0.06896551724137931,0.7586206896551724
2.209756114795902,0.7931034482758621,0.27586206896551724,0.06896551724137931,0.7586206896551724
2.2302232979659378,0.7931034482758621,0.27586206896551724,0.06896551724137931,0.7586206896551724
2.2508800520954613,0.7931034482758621,0.27586206896551724,0.06896551724137931,0.7586206896551724
2.2717281330269055,0.7931034482758621,0.27586206896551724,0.06896551724137931,0.7586206896551724
2.2927693128656492,0.7931034482758621,0.27586206896551724,0.06896551724137931,0.7586206896551724
2.314005380130653,0.7931034482758621,0.27586206896551724,0.06896551724137931,0.7586206896551724
2.3354381399064787,0.8275862068965517,0.27586206896551724,0.06896551724137931,0.7586206896551724
2.3570694139967276,0.8275862068965517,0.27586206896551724,0.06896551724137931,0.7586206896551724
2.3789010410788936,0.8275862068965517,0.27586206896551724,0.06896551724137931,0.7586206896551724
2.4009348768606524,0.8275862068965517,0.3103448275862069,0.06896551724137931,0.7586206896551724
2.4231727942375993,0.8275862068965517,0.3103448275862069,0.06896551724137931,0.7586206896551724
2.445616683452446,0.8275862068965517,0.3103448275862069,0.06896551724137931,0.7586206896551724
2.468268452255692,0.8275862068965517,0.3103448275862069,0.06896551724137931,0.7586206896551724
2.491130026067789,0.8275862068965517,0.3103448275862069,0.06896551724137931,0.7586206896551724
2.5142033481427974,0.8275862068965517,0.3103448275862069,0.06896551724137931,0.7586206896551724
2.5374903797335704,0.8275862068965517,0.3103448275862069,0.06896551724137931,0.7586206896551724
2.5609931002584587,0.8275862068965517,0.3103448275862069,0.06896551724137931,0.7586206896551724
2.5847135074695635,0.8275862068965517,0.3103448275862069,0.06896551724137931,0.7586206896551724
2.608653617622548,0.8275862068965517,0.3103448275862069,0.06896551724137931,0.7586206896551724
2.632815465648021,0.8275862068965517,0.3103448275862069,0.06896551724137931,0.7586206896551724
2.6572011053245053,0.8275862068965517,0.3103448275862069,0.06896551724137931,0.7586206896551724
2.681812609453015,0.8275862068965517,0.3103448275862069,0.06896551724137931,0.7586206896551724
2.7066520700332415,0.8275862068965517,0.3103448275862069,0.06896551724137931,0.7586206896551724
2.7317215984413767,0.8275862068965517,0.3103448275862069,0.06896551724137931,0.7586206896551724
2.7570233256095835,0.8275862068965517,0.3103448275862069,0.06896551724137931,0.7586206896551724
2.7825594022071245,0.8275862068965517,0.3103448275862069,0.06896551724137931,0.7586206896551724
2.808331998823172,0.8275862068965517,0.3103448275862069,0.06896551724137931,0.7586206896551724
2.8343433061513092,0.8275862068965517,0.3103448275862069,0.06896551724137931,0.7586206896551724
2.8605955351757424,0.8275862068965517,0.3103448275862069,0.06896551724137931,0.7586206896551724
2.887090917359236,0.8275862068965517,0.3103448275862069,0.06896551724137931,0.7586206896551724
2.9138317048327873,0.8275862068965517,0.3103448275862069,0.06896551724137931,0.7586206896551724
2.940820170587063,0.8275862068965517,0.3103448275862069,0.06896551724137931,0.7586206896551724
2.9680586086656024,0.8275862068965517,0.3103448275862069,0.06896551724137931,0.7586206896551724
2.9955493343598136,0.8275862068965517,0.3103448275862069,0.06896551724137931,0.7586206896551724
3.0232946844057773,0.8275862068965517,0.3103448275862069,0.06896551724137931,0.7586206896551724
3.0512970171828697,0.8275862068965517,0.3103448275862069,0.06896551724137931,0.7586206896551724
3.079558712914226,0.8275862068965517,0.3103448275862069,0.06896551724137931,0.7586206896551724
3.108082173869064,0.8275862068965517,0.3103448275862069,0.06896551724137931,0.7586206896551724
3.1368698245668774,0.8275862068965517,0.3103448275862069,0.06896551724137931,0.7586206896551724
3.1659241119835224,0.8275862068965517,0.3103448275862069,0.06896551724137931,0.7586206896551724
3.195247505759212,0.8275862068965517,0.3103448275862069,0.06896551724137931,0.7586206896551724
3.2248424984084414,0.8275862068965517,0.3103448275862069,0.06896551724137931,0.7586206896551724
3.254711605531848,0.8275862068965517,0.3103448275862069,0.06896551724137931,0.7586206896551724
3.2848573660300446,0.8275862068965517,0.3103448275862069,0.06896551724137931,0.7586206896551724
3.315282342319425,0.8275862068965517,0.3103448275862069,0.06896551724137931,0.7586206896551724
3.345989120549973,0.8275862068965517,0.3103448275862069,0.06896551724137931,0.7586206896551724
3.3769803108250906,0.8275862068965517,0.3103448275862069,0.06896551724137931,0.7586206896551724
3.408258547423452,0.8275862068965517,0.3103448275862069,0.06896551724137931,0.7586206896551724
3.4398264890229253,0.8275862068965517,0.3103448275862069,0.06896551724137931,0.7586206896551724
3.4716868189265613,0.8275862068965517,0.3448275862068966,0.06896551724137931,0.7586206896551724
3.503842245290674,0.8275862068965517,0.3448275862068966,0.06896551724137931,0.7586206896551724
3.536295501355042,0.8275862068965517,0.3448275862068966,0.06896551724137931,0.7586206896551724
3.5690493456752295,0.8275862068965517,0.3448275862068966,0.06896551724137931,0.7586206896551724
3.602106562357071,0.8275862068965517,0.3448275862068966,0.06896551724137931,0.7586206896551724
3.6354699612933197,0.8275862068965517,0.3448275862068966,0.06896551724137931,0.7586206896551724
3.6691423784024932,0.8275862068965517,0.3448275862068966,0.06896551724137931,0.7586206896551724
3.703126675869926,0.8275862068965517,0.3448275862068966,0.06896551724137931,0.7586206896551724
3.737425742391064,0.8275862068965517,0.3448275862068966,0.06896551724137931,0.7586206896551724
3.7720424934169983,0.8275862068965517,0.3448275862068966,0.06896551724137931,0.7586206896551724
3.806979871402286,0.8275862068965517,0.3448275862068966,0.06896551724137931,0.7586206896551724
3.84224084605506,0.8275862068965517,0.3448275862068966,0.06896551724137931,0.7586206896551724
3.877828414589456,0.8620689655172413,0.3448275862068966,0.06896551724137931,0.7586206896551724
3.913745601980384,0.8620689655172413,0.3448275862068966,0.06896551724137931,0.7586206896551724
3.949995461220644,0.8620689655172413,0.3448275862068966,0.06896551724137931,0.7586206896551724
3.986581073580441,0.8620689655172413,0.3448275862068966,0.06896551724137931,0.7586206896551724
4.023505548869292,0.8620689655172413,0.3448275862068966,0.06896551724137931,0.7586206896551724
4.060772025700365,0.8620689655172413,0.3448275862068966,0.06896551724137931,0.7931034482758621
4.0983836717572615,0.8620689655172413,0.3448275862068966,0.06896551724137931,0.7931034482758621
4.136343684063275,0.8620689655172413,0.3448275862068966,0.06896551724137931,0.7931034482758621
4.174655289253137,0.8620689655172413,0.3448275862068966,0.06896551724137931,0.7931034482758621
4.213321743847288,0.8620689655172413,0.3448275862068966,0.06896551724137931,0.7931034482758621
4.252346334528682,0.8620689655172413,0.3448275862068966,0.06896551724137931,0.7931034482758621
4.291732378422157,0.8620689655172413,0.3448275862068966,0.06896551724137931,0.7931034482758621
4.3314832233764,0.896551724137931,0.3448275862068966,0.06896551724137931,0.7931034482758621
4.371602248248505,0.896551724137931,0.3448275862068966,0.06896551724137931,0.8275862068965517
4.412092863191189,0.896551724137931,0.3448275862068966,0.06896551724137931,0.8275862068965517
4.452958509942655,0.896551724137931,0.3448275862068966,0.06896551724137931,0.8275862068965517
4.494202662119142,0.896551724137931,0.3448275862068966,0.06896551724137931,0.8275862068965517
4.535828825510188,0.896551724137931,0.3448275862068966,0.06896551724137931,0.8275862068965517
4.577840538376619,0.896551724137931,0.3448275862068966,0.06896551724137931,0.8275862068965517
4.6202413717513116,0.9310344827586207,0.3448275862068966,0.06896551724137931,0.8275862068965517
4.663034929742731,0.9310344827586207,0.3448275862068966,0.06896551724137931,0.8275862068965517
4.7062248498412815,0.9310344827586207,0.3448275862068966,0.06896551724137931,0.8275862068965517
4.749814803228501,0.9310344827586207,0.3448275862068966,0.06896551724137931,0.8275862068965517
4.79380849508911,0.9310344827586207,0.3448275862068966,0.06896551724137931,0.8275862068965517
4.838209664925956,0.9310344827586207,0.3448275862068966,0.06896551724137931,0.8275862068965517
4.8830220868778795,0.9310344827586207,0.3448275862068966,0.06896551724137931,0.8275862068965517
4.9282495700405144,0.9310344827586207,0.3448275862068966,0.06896551724137931,0.8275862068965517
4.973895958790064,0.9310344827586207,0.3448275862068966,0.06896551724137931,0.8275862068965517
5.019965133110082,0.9310344827586207,0.3448275862068966,0.06896551724137931,0.8275862068965517
5.066461008921268,0.9310344827586207,0.3448275862068966,0.06896551724137931,0.8275862068965517
5.113387538414326,0.9310344827586207,0.3448275862068966,0.06896551724137931,0.8275862068965517
5.160748710385909,0.9310344827586207,0.3448275862068966,0.06896551724137931,0.8275862068965517
5.208548550577661,0.9310344827586207,0.3448275862068966,0.06896551724137931,0.8275862068965517
5.256791122018422,0.9310344827586207,0.3448275862068966,0.06896551724137931,0.8275862068965517
5.305480525369573,0.9310344827586207,0.3448275862068966,0.06896551724137931,0.8275862068965517
5.354620899273607,0.9310344827586207,0.3448275862068966,0.06896551724137931,0.8275862068965517
5.404216420705916,0.9310344827586207,0.3448275862068966,0.06896551724137931,0.8275862068965517
5.454271305329834,0.9310344827586207,0.3448275862068966,0.06896551724137931,0.8275862068965517
5.50478980785497,0.9655172413793104,0.3448275862068966,0.06896551724137931,0.8275862068965517
5.555776222398876,0.9655172413793104,0.3448275862068966,0.06896551724137931,0.8275862068965517
5.607234882852032,0.9655172413793104,0.3448275862068966,0.06896551724137931,0.8275862068965517
5.659170163246244,0.9655172413793104,0.3448275862068966,0.06896551724137931,0.8275862068965517
5.711586478126432,0.9655172413793104,0.3448275862068966,0.06896551724137931,0.8275862068965517
5.764488282925877,0.9655172413793104,0.3448275862068966,0.06896551724137931,0.8275862068965517
5.8178800743449335,0.9655172413793104,0.3448275862068966,0.06896551724137931,0.8275862068965517
5.871766390733256,0.9655172413793104,0.3448275862068966,0.06896551724137931,0.8275862068965517
5.926151812475554,0.9655172413793104,0.3448275862068966,0.06896551724137931,0.8275862068965517
5.981040962380941,0.9655172413793104,0.3448275862068966,0.06896551724137931,0.8275862068965517
6.036438506075867,0.9655172413793104,0.3448275862068966,0.06896551724137931,0.8275862068965517
6.09234915240071,0.9655172413793104,0.3448275862068966,0.06896551724137931,0.8275862068965517
6.148777653810023,0.9655172413793104,0.3448275862068966,0.06896551724137931,0.8275862068965517
6.205728806776502,0.9655172413793104,0.3448275862068966,0.06896551724137931,0.8275862068965517
6.26320745219869,0.9655172413793104,0.3448275862068966,0.06896551724137931,0.8275862068965517
6.321218475812452,0.9655172413793104,0.3448275862068966,0.06896551724137931,0.8275862068965517
6.379766808606281,0.9655172413793104,0.3448275862068966,0.06896551724137931,0.8275862068965517
6.4388574272404195,0.9655172413793104,0.3448275862068966,0.06896551724137931,0.8275862068965517
6.49849535446989,0.9655172413793104,0.3448275862068966,0.06896551724137931,0.8275862068965517
6.558685659571432,0.9655172413793104,0.3448275862068966,0.06896551724137931,0.8275862068965517
6.619433458774393,0.9655172413793104,0.3448275862068966,0.06896551724137931,0.8275862068965517
6.680743915695613,0.9655172413793104,0.3448275862068966,0.06896551724137931,0.8275862068965517
6.742622241778342,0.9655172413793104,0.3448275862068966,0.06896551724137931,0.8275862068965517
6.805073696735208,0.9655172413793104,0.3448275862068966,0.06896551724137931,0.8275862068965517
6.868103588995304,0.9655172413793104,0.3448275862068966,0.06896551724137931,0.8275862068965517
6.931717276155406,0.9655172413793104,0.3448275862068966,0.06896551724137931,0.8275862068965517
6.995920165435373,0.9655172413793104,0.3448275862068966,0.06896551724137931,0.8275862068965517
7.060717714137773,0.9655172413793104,0.3448275862068966,0.06896551724137931,0.8275862068965517
7.1261154301117475,0.9655172413793104,0.3448275862068966,0.06896551724137931,0.8275862068965517
7.192118872221189,0.9655172413793104,0.3448275862068966,0.06896551724137931,0.8275862068965517
7.258733650817251,0.9655172413793104,0.3448275862068966,0.06896551724137931,0.8275862068965517
7.3259654282152304,0.9655172413793104,0.3448275862068966,0.06896551724137931,0.8275862068965517
7.393819919175866,0.9655172413793104,0.3448275862068966,0.06896551724137931,0.8275862068965517
7.46230289139111,0.9655172413793104,0.3448275862068966,0.06896551724137931,0.8275862068965517
7.531420165974372,0.9655172413793104,0.3448275862068966,0.06896551724137931,0.8275862068965517
7.6011776179553285,0.9655172413793104,0.3448275862068966,0.06896551724137931,0.8275862068965517
7.671581176779302,0.9655172413793104,0.3448275862068966,0.06896551724137931,0.8275862068965517
7.742636826811269,0.9655172413793104,0.3448275862068966,0.06896551724137931,0.8275862068965517
7.814350607844544,0.9655172413793104,0.3448275862068966,0.10344827586206896,0.8275862068965517
7.886728615614152,0.9655172413793104,0.3448275862068966,0.10344827586206896,0.8275862068965517
7.959777002314984,0.9655172413793104,0.3448275862068966,0.10344827586206896,0.8275862068965517
8.033501977124734,0.9655172413793104,0.3448275862068966,0.10344827586206896,0.8275862068965517
8.107909806731687,0.9655172413793104,0.3448275862068966,0.10344827586206896,0.8275862068965517
8.183006815867392,0.9655172413793104,0.3448275862068966,0.10344827586206896,0.8275862068965517
8.258799387844268,0.9655172413793104,0.3448275862068966,0.10344827586206896,0.8275862068965517
8.335293965098193,0.9655172413793104,0.3448275862068966,0.10344827586206896,0.8275862068965517
8.412497049736118,0.9655172413793104,0.3448275862068966,0.10344827586206896,0.8275862068965517
8.490415204088746,0.9655172413793104,0.3448275862068966,0.10344827586206896,0.8275862068965517
8.56905505126835,0.9655172413793104,0.3448275862068966,0.10344827586206896,0.8275862068965517
8.648423275731723,0.9655172413793104,0.3793103448275862,0.10344827586206896,0.8275862068965517
8.728526623848378,0.9655172413793104,0.3793103448275862,0.10344827586206896,0.8275862068965517
8.809371904473991,0.9655172413793104,0.3793103448275862,0.10344827586206896,0.8275862068965517
8.89096598952916,0.9655172413793104,0.3793103448275862,0.10344827586206896,0.8275862068965517
8.973315814583522,0.9655172413793104,0.3793103448275862,0.10344827586206896,0.8275862068965517
9.05642837944529,0.9655172413793104,0.3793103448275862,0.10344827586206896,0.8275862068965517
9.14031074875623,0.9655172413793104,0.3793103448275862,0.10344827586206896,0.8275862068965517
9.224970052592175,0.9655172413793104,0.3793103448275862,0.10344827586206896,0.8275862068965517
9.310413487069077,0.9655172413793104,0.3793103448275862,0.10344827586206896,0.8275862068965517
9.396648314954692,0.9655172413793104,0.3793103448275862,0.10344827586206896,0.8275862068965517
9.483681866285922,0.9655172413793104,0.3793103448275862,0.10344827586206896,0.8275862068965517
9.571521538991863,0.9655172413793104,0.3793103448275862,0.10344827586206896,0.8275862068965517
9.660174799522645,0.9655172413793104,0.3793103448275862,0.10344827586206896,0.8275862068965517
9.749649183484088,0.9655172413793104,0.3793103448275862,0.10344827586206896,0.8275862068965517
9.83995229627823,0.9655172413793104,0.3793103448275862,0.10344827586206896,0.8275862068965517
9.931091813749795,0.9655172413793104,0.3793103448275862,0.10344827586206896,0.8275862068965517
10.023075482838655,0.9655172413793104,0.3793103448275862,0.10344827586206896,0.8275862068965517
10.115911122238298,0.9655172413793104,0.3793103448275862,0.10344827586206896,0.8275862068965517
10.209606623060465,0.9655172413793104,0.3793103448275862,0.10344827586206896,0.8275862068965517
10.30416994950588,0.9655172413793104,0.3793103448275862,0.10344827586206896,0.8275862068965517
10.399609139541198,0.9655172413793104,0.3793103448275862,0.10344827586206896,0.8275862068965517
10.495932305582278,0.9655172413793104,0.3793103448275862,0.10344827586206896,0.8275862068965517
10.5931476351837,0.9655172413793104,0.3793103448275862,0.10344827586206896,0.8275862068965517
10.691263391734761,0.9655172413793104,0.3793103448275862,0.10344827586206896,0.8275862068965517
10.79028791516184,0.9655172413793104,0.3793103448275862,0.10344827586206896,0.8275862068965517
10.8902296226373,0.9655172413793104,0.3793103448275862,0.10344827586206896,0.8275862068965517
10.991097009294972,0.9655172413793104,0.3793103448275862,0.10344827586206896,0.8275862068965517
11.092898648952227,0.9655172413793104,0.3793103448275862,0.10344827586206896,0.8275862068965517
11.195643194838782,0.9655172413793104,0.3793103448275862,0.10344827586206896,0.8275862068965517
11.299339380332222,0.9655172413793104,0.3793103448275862,0.10344827586206896,0.8275862068965517
11.403996019700324,0.9655172413793104,0.3793103448275862,0.10344827586206896,0.8275862068965517
11.509622008850323,0.9655172413793104,0.3793103448275862,0.10344827586206896,0.8275862068965517
11.616226326085018,0.9655172413793104,0.3793103448275862,0.10344827586206896,0.8275862068965517
11.723818032865985,0.9655172413793104,0.3793103448275862,0.10344827586206896,0.8275862068965517
11.832406274583786,0.9655172413793104,0.3793103448275862,0.10344827586206896,0.8275862068965517
11.94200028133532,0.9655172413793104,0.3793103448275862,0.10344827586206896,0.8275862068965517
12.052609368708426,0.9655172413793104,0.3793103448275862,0.10344827586206896,0.8275862068965517
12.164242938573679,0.9655172413793104,0.41379310344827586,0.10344827586206896,0.8275862068965517
12.276910479883592,0.9655172413793104,0.41379310344827586,0.10344827586206896,0.8275862068965517
12.390621569479162,0.9655172413793104,0.41379310344827586,0.10344827586206896,0.8275862068965517
12.505385872903908,0.9655172413793104,0.41379310344827586,0.10344827586206896,0.8275862068965517
12.621213145225473,0.9655172413793104,0.41379310344827586,0.13793103448275862,0.8275862068965517
12.738113231864785,0.9655172413793104,0.41379310344827586,0.13793103448275862,0.8275862068965517
12.856096069432958,0.9655172413793104,0.41379310344827586,0.13793103448275862,0.8275862068965517
12.975171686575875,0.9655172413793104,0.41379310344827586,0.13793103448275862,0.8275862068965517
13.095350204826671,0.9655172413793104,0.41379310344827586,0.13793103448275862,0.8275862068965517
13.216641839466051,0.9655172413793104,0.41379310344827586,0.13793103448275862,0.8275862068965517
13.339056900390586,0.9655172413793104,0.41379310344827586,0.13793103448275862,0.8275862068965517
13.462605792989104,0.9655172413793104,0.41379310344827586,0.13793103448275862,0.8275862068965517
13.587299019027098,0.9655172413793104,0.41379310344827586,0.13793103448275862,0.8275862068965517
13.71314717753945,0.9655172413793104,0.41379310344827586,0.13793103448275862,0.8275862068965517
13.840160965731316,0.9655172413793104,0.41379310344827586,0.13793103448275862,0.8275862068965517
13.968351179887398,0.9655172413793104,0.41379310344827586,0.13793103448275862,0.8275862068965517
14.09772871628967,0.9655172413793104,0.41379310344827586,0.13793103448275862,0.8275862068965517
14.228304572143527,0.9655172413793104,0.41379310344827586,0.13793103448275862,0.8275862068965517
14.360089846512599,0.9655172413793104,0.41379310344827586,0.13793103448275862,0.8275862068965517
14.493095741262167,0.9655172413793104,0.41379310344827586,0.13793103448275862,0.8275862068965517
14.627333562011298,0.9655172413793104,0.41379310344827586,0.13793103448275862,0.8275862068965517
14.762814719093903,0.9655172413793104,0.41379310344827586,0.13793103448275862,0.8275862068965517
14.899550728528544,0.9655172413793104,0.41379310344827586,0.13793103448275862,0.8275862068965517
15.037553212997377,0.9655172413793104,0.41379310344827586,0.13793103448275862,0.8275862068965517
15.176833902834053,0.9655172413793104,0.41379310344827586,0.13793103448275862,0.8275862068965517
15.317404637020799,0.9655172413793104,0.41379310344827586,0.13793103448275862,0.8275862068965517
15.459277364194778,0.9655172413793104,0.41379310344827586,0.13793103448275862,0.8275862068965517
15.602464143663688,0.9655172413793104,0.41379310344827586,0.13793103448275862,0.8275862068965517
15.74697714643086,0.9655172413793104,0.41379310344827586,0.13793103448275862,0.8275862068965517
15.89282865622978,0.9655172413793104,0.41379310344827586,0.13793103448275862,0.8275862068965517
16.0400310705682,0.9655172413793104,0.41379310344827586,0.13793103448275862,0.8275862068965517
16.188596901781985,0.9655172413793104,0.41379310344827586,0.13793103448275862,0.8275862068965517
16.338538778098613,0.9655172413793104,0.41379310344827586,0.13793103448275862,0.8275862068965517
16.48986944471065,0.9655172413793104,0.41379310344827586,0.13793103448275862,0.8275862068965517
16.642601764859037,0.9655172413793104,0.41379310344827586,0.13793103448275862,0.8275862068965517
16.79674872092653,0.9655172413793104,0.41379310344827586,0.13793103448275862,0.8275862068965517
16.952323415541205,0.9655172413793104,0.41379310344827586,0.13793103448275862,0.8275862068965517
17.109339072690144,0.9655172413793104,0.41379310344827586,0.13793103448275862,0.8275862068965517
17.26780903884356,0.9655172413793104,0.41379310344827586,0.13793103448275862,0.8275862068965517
17.42774678408919,0.9655172413793104,0.41379310344827586,0.13793103448275862,0.8275862068965517
17.589165903277326,0.9655172413793104,0.41379310344827586,0.13793103448275862,0.8275862068965517
17.75208011717635,0.9655172413793104,0.41379310344827586,0.13793103448275862,0.8275862068965517
17.916503273639005,0.9655172413793104,0.41379310344827586,0.13793103448275862,0.8275862068965517
18.082449348779516,0.9655172413793104,0.41379310344827586,0.13793103448275862,0.8275862068965517
18.249932448161523,0.9655172413793104,0.41379310344827586,0.13793103448275862,0.8275862068965517
18.41896680799711,0.9655172413793104,0.41379310344827586,0.13793103448275862,0.8275862068965517
18.589566796356873,0.9655172413793104,0.41379310344827586,0.1724137931034483,0.8275862068965517
18.761746914391203,0.9655172413793104,0.4482758620689655,0.1724137931034483,0.8275862068965517
18.935521797562952,0.9655172413793104,0.4482758620689655,0.1724137931034483,0.8275862068965517
19.11090621689138,0.9655172413793104,0.4482758620689655,0.1724137931034483,0.8275862068965517
19.287915080207778,0.9655172413793104,0.4482758620689655,0.1724137931034483,0.8275862068965517
19.46656343342262,0.9655172413793104,0.4482758620689655,0.1724137931034483,0.8275862068965517
19.646866461804457,0.9655172413793104,0.4482758620689655,0.1724137931034483,0.8275862068965517
19.828839491270713,0.9655172413793104,0.4482758620689655,0.1724137931034483,0.8275862068965517
20.01249798969037,0.9655172413793104,0.4482758620689655,0.1724137931034483,0.8275862068965517
20.197857568198785,0.9655172413793104,0.4482758620689655,0.1724137931034483,0.8275862068965517
20.384933982524633,0.9655172413793104,0.4482758620689655,0.1724137931034483,0.8275862068965517
20.573743134329128,0.9655172413793104,0.4482758620689655,0.1724137931034483,0.8275862068965517
20.764301072557746,0.9655172413793104,0.4482758620689655,0.1724137931034483,0.8275862068965517
20.95662399480433,0.9655172413793104,0.4482758620689655,0.1724137931034483,0.8275862068965517
21.150728248687948,0.9655172413793104,0.4482758620689655,0.1724137931034483,0.8275862068965517
21.346630333242445,0.9655172413793104,0.4482758620689655,0.1724137931034483,0.8275862068965517
21.544346900318832,0.9655172413793104,0.4482758620689655,0.1724137931034483,0.8275862068965517
21.7438947560008,0.9655172413793104,0.4482758620689655,0.1724137931034483,0.8275862068965517
21.945290862033136,0.9655172413793104,0.4482758620689655,0.1724137931034483,0.8275862068965517
22.14855233726359,0.9655172413793104,0.4482758620689655,0.1724137931034483,0.8275862068965517
22.353696459097954,0.9655172413793104,0.4482758620689655,0.1724137931034483,0.8275862068965517
22.560740664968602,0.9655172413793104,0.4482758620689655,0.1724137931034483,0.8275862068965517
22.7697025538168,0.9655172413793104,0.4482758620689655,0.1724137931034483,0.8275862068965517
22.98059988758851,0.9655172413793104,0.4482758620689655,0.1724137931034483,0.8275862068965517
23.193450592744288,0.9655172413793104,0.4482758620689655,0.1724137931034483,0.8275862068965517
23.408272761782932,0.9655172413793104,0.4482758620689655,0.1724137931034483,0.8275862068965517
23.625084654779464,0.9655172413793104,0.4482758620689655,0.1724137931034483,0.8275862068965517
23.843904700937205,0.9655172413793104,0.4482758620689655,0.1724137931034483,0.8275862068965517
24.06475150015424,0.9655172413793104,0.4482758620689655,0.1724137931034483,0.8275862068965517
24.287643824604515,0.9655172413793104,0.4482758620689655,0.1724137931034483,0.8275862068965517
24.512600620333387,0.9655172413793104,0.4482758620689655,0.1724137931034483,0.8275862068965517
24.73964100886813,0.9655172413793104,0.4482758620689655,0.1724137931034483,0.8275862068965517
24.968784288843267,0.9655172413793104,0.4482758620689655,0.1724137931034483,0.8275862068965517
25.200049937640923,0.9655172413793104,0.4482758620689655,0.1724137931034483,0.8275862068965517
25.433457613046496,0.9655172413793104,0.4482758620689655,0.1724137931034483,0.8275862068965517
25.669027154919505,0.9655172413793104,0.4482758620689655,0.20689655172413793,0.8275862068965517
25.906778586880076,0.9655172413793104,0.4482758620689655,0.20689655172413793,0.8275862068965517
26.14673211801092,0.9655172413793104,0.4482758620689655,0.20689655172413793,0.8275862068965517
26.388908144575105,0.9655172413793104,0.4482758620689655,0.20689655172413793,0.8275862068965517
26.633327251749822,0.9655172413793104,0.4482758620689655,0.20689655172413793,0.8275862068965517
26.88001021537606,0.9655172413793104,0.4482758620689655,0.20689655172413793,0.8275862068965517
27.128978003724658,0.9655172413793104,0.4482758620689655,0.20689655172413793,0.8275862068965517
27.380251779278577,0.9655172413793104,0.4482758620689655,0.20689655172413793,0.8275862068965517
27.6338529005317,0.9655172413793104,0.4482758620689655,0.20689655172413793,0.8275862068965517
27.88980292380441,0.9655172413793104,0.4482758620689655,0.20689655172413793,0.8275862068965517
28.1481236050758,0.9655172413793104,0.4482758620689655,0.20689655172413793,0.8275862068965517
28.408836901833027,0.9655172413793104,0.4482758620689655,0.20689655172413793,0.8275862068965517
28.671964974937698,0.9655172413793104,0.4482758620689655,0.20689655172413793,0.8275862068965517
28.937530190509502,0.9655172413793104,0.4482758620689655,0.20689655172413793,0.8275862068965517
29.205555121827466,0.9655172413793104,0.4482758620689655,0.20689655172413793,0.8275862068965517
29.47606255124857,0.9655172413793104,0.4482758620689655,0.20689655172413793,0.8275862068965517
29.749075472144405,0.9655172413793104,0.4482758620689655,0.20689655172413793,0.8275862068965517
30.024617090855493,0.9655172413793104,0.4482758620689655,0.20689655172413793,0.8275862068965517
30.30271082866396,0.9655172413793104,0.4482758620689655,0.20689655172413793,0.8275862068965517
30.583380323784333,0.9655172413793104,0.4482758620689655,0.20689655172413793,0.8275862068965517
30.86664943337273,0.9655172413793104,0.4482758620689655,0.20689655172413793,0.8275862068965517
31.15254223555488,0.9655172413793104,0.4482758620689655,0.20689655172413793,0.8275862068965517
31.441083031472647,0.9655172413793104,0.4482758620689655,0.20689655172413793,0.8275862068965517
31.732296347349763,0.9655172413793104,0.4482758620689655,0.20689655172413793,0.8275862068965517
32.02620693657652,0.9655172413793104,0.4482758620689655,0.20689655172413793,0.8275862068965517
32.32283978181379,0.9655172413793104,0.4482758620689655,0.20689655172413793,0.8275862068965517
32.622220097116696,0.9655172413793104,0.4482758620689655,0.20689655172413793,0.8275862068965517
32.924373330077685,0.9655172413793104,0.4482758620689655,0.20689655172413793,0.8275862068965517
33.229325163989714,0.9655172413793104,0.4482758620689655,0.20689655172413793,0.8275862068965517
33.5371015200293,0.9655172413793104,0.4482758620689655,0.20689655172413793,0.8275862068965517
33.84772855945981,0.9655172413793104,0.4482758620689655,0.20689655172413793,0.8275862068965517
34.16123268585528,0.9655172413793104,0.4827586206896552,0.20689655172413793,0.8275862068965517
34.47764054734464,0.9655172413793104,0.4827586206896552,0.20689655172413793,0.8275862068965517
34.79697903887691,0.9655172413793104,0.4827586206896552,0.20689655172413793,0.8275862068965517
35.1192753045073,0.9655172413793104,0.4827586206896552,0.20689655172413793,0.8275862068965517
35.44455673970434,0.9655172413793104,0.4827586206896552,0.20689655172413793,0.8275862068965517
35.77285099367874,0.9655172413793104,0.4827586206896552,0.20689655172413793,0.8275862068965517
36.10418597173337,0.9655172413793104,0.4827586206896552,0.20689655172413793,0.8275862068965517
36.43858983763545,0.9655172413793104,0.4827586206896552,0.20689655172413793,0.8275862068965517
36.77609101601033,0.9655172413793104,0.4827586206896552,0.2413793103448276,0.8275862068965517
37.11671819475765,0.9655172413793104,0.4827586206896552,0.2413793103448276,0.8275862068965517
37.46050032748993,0.9655172413793104,0.4827586206896552,0.2413793103448276,0.8275862068965517
37.80746663599349,0.9655172413793104,0.4827586206896552,0.2413793103448276,0.8275862068965517
38.15764661271248,0.9655172413793104,0.4827586206896552,0.2413793103448276,0.8275862068965517
38.511070023255705,0.9655172413793104,0.4827586206896552,0.2413793103448276,0.8275862068965517
38.867766908926654,0.9655172413793104,0.4827586206896552,0.2413793103448276,0.8275862068965517
39.22776758927719,0.9655172413793104,0.4827586206896552,0.2413793103448276,0.8275862068965517
39.591102664684584,0.9655172413793104,0.4827586206896552,0.2413793103448276,0.8275862068965517
39.957803018952696,0.9655172413793104,0.4827586206896552,0.2413793103448276,0.8275862068965517
40.32789982193707,0.9655172413793104,0.4827586206896552,0.2413793103448276,0.8275862068965517
40.701424532194366,0.9655172413793104,0.4827586206896552,0.2413793103448276,0.8275862068965517
41.078408899656466,0.9655172413793104,0.4827586206896552,0.2413793103448276,0.8275862068965517
41.45888496832911,0.9655172413793104,0.4827586206896552,0.2413793103448276,0.8275862068965517
41.84288507901582,0.9655172413793104,0.4827586206896552,0.2413793103448276,0.8275862068965517
42.23044187206674,0.9655172413793104,0.4827586206896552,0.2413793103448276,0.8275862068965517
42.62158829015323,0.9655172413793104,0.4827586206896552,0.2413793103448276,0.8275862068965517
43.01635758106795,0.9655172413793104,0.4827586206896552,0.27586206896551724,0.8275862068965517
43.41478330055092,0.9655172413793104,0.4827586206896552,0.27586206896551724,0.8275862068965517
43.816899315141924,0.9655172413793104,0.4827586206896552,0.27586206896551724,0.8275862068965517
44.22273980505899,0.9655172413793104,0.4827586206896552,0.27586206896551724,0.8275862068965517
44.63233926710395,0.9655172413793104,0.4827586206896552,0.27586206896551724,0.8275862068965517
45.04573251759459,0.9655172413793104,0.5172413793103449,0.27586206896551724,0.8275862068965517
45.462954695323994,0.9655172413793104,0.5172413793103449,0.27586206896551724,0.8275862068965517
45.88404126454759,0.9655172413793104,0.5172413793103449,0.27586206896551724,0.8275862068965517
46.30902801799739,0.9655172413793104,0.5172413793103449,0.27586206896551724,0.8275862068965517
46.73795107992461,0.9655172413793104,0.5172413793103449,0.27586206896551724,0.8275862068965517
47.17084690917017,0.9655172413793104,0.5172413793103449,0.27586206896551724,0.8275862068965517
47.607752302263684,0.9655172413793104,0.5172413793103449,0.27586206896551724,0.8275862068965517
48.048704396551315,0.9655172413793104,0.5172413793103449,0.27586206896551724,0.8275862068965517
48.493740673352356,0.9655172413793104,0.5172413793103449,0.27586206896551724,0.8275862068965517
48.94289896114529,0.9655172413793104,0.5172413793103449,0.27586206896551724,0.8275862068965517
49.396217438783204,0.9655172413793104,0.5172413793103449,0.27586206896551724,0.8275862068965517
49.853734638738935,0.9655172413793104,0.5172413793103449,0.27586206896551724,0.8275862068965517
50.31548945038054,0.9655172413793104,0.5172413793103449,0.27586206896551724,0.8275862068965517
50.78152112327673,0.9655172413793104,0.5172413793103449,0.27586206896551724,0.8275862068965517
51.2518692705333,0.9655172413793104,0.5172413793103449,0.27586206896551724,0.8275862068965517
51.72657387216019,0.9655172413793104,0.5172413793103449,0.27586206896551724,0.8275862068965517
52.205675278469755,0.9655172413793104,0.5172413793103449,0.27586206896551724,0.8275862068965517
52.689214213506744,0.9655172413793104,0.5172413793103449,0.27586206896551724,0.8275862068965517
53.17723177850969,0.9655172413793104,0.5172413793103449,0.27586206896551724,0.8275862068965517
53.66976945540476,0.9655172413793104,0.5172413793103449,0.27586206896551724,0.8275862068965517
54.16686911033152,0.9655172413793104,0.5172413793103449,0.27586206896551724,0.8275862068965517
54.66857299720181,0.9655172413793104,0.5172413793103449,0.27586206896551724,0.8275862068965517
55.17492376129126,0.9655172413793104,0.5172413793103449,0.27586206896551724,0.8275862068965517
55.68596444286412,0.9655172413793104,0.5172413793103449,0.27586206896551724,0.8275862068965517
56.20173848083188,0.9655172413793104,0.5172413793103449,0.27586206896551724,0.8275862068965517
56.72228971644544,0.9655172413793104,0.5172413793103449,0.27586206896551724,0.8275862068965517
57.247662397021784,0.9655172413793104,0.5172413793103449,0.27586206896551724,0.8275862068965517
57.77790117970504,0.9655172413793104,0.5172413793103449,0.27586206896551724,0.8275862068965517
58.313051135262214,0.9655172413793104,0.5172413793103449,0.27586206896551724,0.8275862068965517
58.8531577519145,0.9655172413793104,0.5172413793103449,0.27586206896551724,0.8275862068965517
59.398266939203566,0.9655172413793104,0.5172413793103449,0.27586206896551724,0.8275862068965517
59.94842503189409,0.9655172413793104,0.5172413793103449,0.27586206896551724,0.8275862068965517
60.503678793912215,0.9655172413793104,0.5172413793103449,0.27586206896551724,0.8275862068965517
61.06407542232039,0.9655172413793104,0.5172413793103449,0.27586206896551724,0.8275862068965517
61.629662551329425,0.9655172413793104,0.5172413793103449,0.27586206896551724,0.8275862068965517
62.200488256347114,0.9655172413793104,0.5172413793103449,0.27586206896551724,0.8275862068965517
62.776601058065,0.9655172413793104,0.5172413793103449,0.27586206896551724,0.8275862068965517
63.35804992658251,0.9655172413793104,0.5172413793103449,0.27586206896551724,0.8275862068965517
63.9448842855694,0.9655172413793104,0.5172413793103449,0.27586206896551724,0.8275862068965517
64.53715401646701,0.9655172413793104,0.5172413793103449,0.27586206896551724,0.8275862068965517
65.13490946272803,0.9655172413793104,0.5172413793103449,0.27586206896551724,0.8275862068965517
65.73820143409586,0.9655172413793104,0.5172413793103449,0.27586206896551724,0.8275862068965517
66.34708121092348,0.9655172413793104,0.5172413793103449,0.27586206896551724,0.8275862068965517
66.96160054853219,0.9655172413793104,0.5172413793103449,0.27586206896551724,0.8275862068965517
67.5818116816111,0.9655172413793104,0.5172413793103449,0.27586206896551724,0.8275862068965517
68.20776732865686,0.9655172413793104,0.5172413793103449,0.27586206896551724,0.8275862068965517
68.83952069645497,0.9655172413793104,0.5172413793103449,0.27586206896551724,0.8275862068965517
69.47712548460237,0.9655172413793104,0.5172413793103449,0.27586206896551724,0.8275862068965517
70.12063589007181,0.9655172413793104,0.5172413793103449,0.27586206896551724,0.8275862068965517
70.77010661181889,0.9655172413793104,0.5172413793103449,0.27586206896551724,0.8275862068965517
71.42559285543126,0.9655172413793104,0.5172413793103449,0.27586206896551724,0.8275862068965517
72.08715033782136,0.9655172413793104,0.5172413793103449,0.27586206896551724,0.8275862068965517
72.7548352919623,0.9655172413793104,0.5172413793103449,0.27586206896551724,0.8275862068965517
73.42870447166761,0.9655172413793104,0.5172413793103449,0.27586206896551724,0.8275862068965517
74.1088151564157,0.9655172413793104,0.5172413793103449,0.27586206896551724,0.8275862068965517
74.79522515621821,0.9655172413793104,0.5172413793103449,0.27586206896551724,0.8275862068965517
75.48799281653436,0.9655172413793104,0.5172413793103449,0.27586206896551724,0.8275862068965517
76.18717702322995,0.9655172413793104,0.5172413793103449,0.27586206896551724,0.8275862068965517
76.8928372075831,0.9655172413793104,0.5172413793103449,0.27586206896551724,0.8275862068965517
77.6050333513357,0.9655172413793104,0.5172413793103449,0.27586206896551724,0.8275862068965517
78.32382599179196,0.9655172413793104,0.5172413793103449,0.27586206896551724,0.8275862068965517
79.04927622696424,0.9655172413793104,0.5172413793103449,0.27586206896551724,0.8275862068965517
79.78144572076624,0.9655172413793104,0.5172413793103449,0.27586206896551724,0.8275862068965517
80.52039670825474,0.9655172413793104,0.5172413793103449,0.27586206896551724,0.8275862068965517
81.26619200091946,0.9655172413793104,0.5172413793103449,0.27586206896551724,0.8275862068965517
82.01889499202203,0.9655172413793104,0.5172413793103449,0.27586206896551724,0.8275862068965517
82.77856966198476,0.9655172413793104,0.5172413793103449,0.27586206896551724,0.8275862068965517
83.54528058382867,0.9655172413793104,0.5172413793103449,0.27586206896551724,0.8275862068965517
84.31909292866256,0.9655172413793104,0.5172413793103449,0.27586206896551724,0.8275862068965517
85.10007247122246,0.9655172413793104,0.5172413793103449,0.27586206896551724,0.8275862068965517
85.88828559546249,0.9655172413793104,0.5172413793103449,0.27586206896551724,0.8275862068965517
86.68379930019779,0.9655172413793104,0.5172413793103449,0.27586206896551724,0.8275862068965517
87.4866812047991,0.9655172413793104,0.5172413793103449,0.27586206896551724,0.8275862068965517
88.29699955494087,0.9655172413793104,0.5172413793103449,0.27586206896551724,0.8275862068965517
89.11482322840202,0.9655172413793104,0.5172413793103449,0.27586206896551724,0.8275862068965517
89.94022174092044,0.9655172413793104,0.5172413793103449,0.27586206896551724,0.8275862068965517
90.77326525210228,0.9655172413793104,0.5172413793103449,0.27586206896551724,0.8275862068965517
91.61402457138516,0.9655172413793104,0.5172413793103449,0.27586206896551724,0.8620689655172413
92.46257116405738,0.9655172413793104,0.5517241379310345,0.27586206896551724,0.8620689655172413
93.31897715733238,0.9655172413793104,0.5517241379310345,0.27586206896551724,0.8620689655172413
94.18331534647952,0.9655172413793104,0.5517241379310345,0.27586206896551724,0.8620689655172413
95.05565920101196,0.9655172413793104,0.5517241379310345,0.27586206896551724,0.8620689655172413
95.93608287093141,0.9655172413793104,0.5517241379310345,0.27586206896551724,0.8620689655172413
96.82466119303123,0.9655172413793104,0.5517241379310345,0.27586206896551724,0.8620689655172413
97.72146969725725,0.9655172413793104,0.5517241379310345,0.27586206896551724,0.8620689655172413
98.6265846131282,0.9655172413793104,0.5517241379310345,0.27586206896551724,0.8620689655172413
99.54008287621524,0.9655172413793104,0.5517241379310345,0.27586206896551724,0.8620689655172413
100.46204213468131,0.9655172413793104,0.5517241379310345,0.27586206896551724,0.8620689655172413
101.39254075588153,0.9655172413793104,0.5517241379310345,0.27586206896551724,0.8620689655172413
102.3316578330245,0.9655172413793104,0.5517241379310345,0.27586206896551724,0.8620689655172413
103.27947319189515,0.9655172413793104,0.5517241379310345,0.27586206896551724,0.8620689655172413
104.23606739764011,0.9655172413793104,0.5517241379310345,0.27586206896551724,0.8620689655172413
105.20152176161591,0.9655172413793104,0.5517241379310345,0.27586206896551724,0.8620689655172413
106.17591834830002,0.9655172413793104,0.5517241379310345,0.27586206896551724,0.8620689655172413
107.15933998226711,0.9655172413793104,0.5517241379310345,0.27586206896551724,0.8620689655172413
108.15187025522881,0.9655172413793104,0.5517241379310345,0.27586206896551724,0.8620689655172413
109.1535935331391,0.9655172413793104,0.5517241379310345,0.27586206896551724,0.8620689655172413
110.16459496336569,0.9655172413793104,0.5517241379310345,0.27586206896551724,0.8620689655172413
111.1849604819271,0.9655172413793104,0.5517241379310345,0.27586206896551724,0.8620689655172413
112.21477682079802,0.9655172413793104,0.5517241379310345,0.27586206896551724,0.8620689655172413
113.25413151528114,0.9655172413793104,0.5517241379310345,0.27586206896551724,0.8620689655172413
114.30311291144787,0.9655172413793104,0.5517241379310345,0.27586206896551724,0.8620689655172413
115.36181017364785,0.9655172413793104,0.5517241379310345,0.27586206896551724,0.8620689655172413
116.43031329208767,0.9655172413793104,0.5517241379310345,0.27586206896551724,0.8620689655172413
117.50871309048075,0.9655172413793104,0.5517241379310345,0.27586206896551724,0.8620689655172413
118.59710123376694,0.9655172413793104,0.5517241379310345,0.27586206896551724,0.8620689655172413
119.69557023590428,0.9655172413793104,0.5517241379310345,0.27586206896551724,0.8620689655172413
120.8042134677329,0.9655172413793104,0.5517241379310345,0.27586206896551724,0.8620689655172413
121.92312516491107,0.9655172413793104,0.5517241379310345,0.27586206896551724,0.8620689655172413
123.05240043592616,0.9655172413793104,0.5517241379310345,0.27586206896551724,0.8620689655172413
124.19213527017834,0.9655172413793104,0.5517241379310345,0.27586206896551724,0.8620689655172413
125.34242654613995,0.9655172413793104,0.5517241379310345,0.27586206896551724,0.8620689655172413
126.50337203959037,0.9655172413793104,0.5517241379310345,0.27586206896551724,0.8620689655172413
127.67507043192657,0.9655172413793104,0.5517241379310345,0.27586206896551724,0.8620689655172413
128.8576213185518,0.9655172413793104,0.5517241379310345,0.27586206896551724,0.8620689655172413
130.05112521734085,0.9655172413793104,0.5517241379310345,0.27586206896551724,0.8620689655172413
131.25568357718427,0.9655172413793104,0.5517241379310345,0.27586206896551724,0.8620689655172413
132.47139878661176,0.9655172413793104,0.5517241379310345,0.27586206896551724,0.8620689655172413
133.69837418249466,0.9655172413793104,0.5517241379310345,0.27586206896551724,0.8620689655172413
134.93671405883066,0.9655172413793104,0.5517241379310345,0.27586206896551724,0.8620689655172413
136.18652367560813,0.9655172413793104,0.5517241379310345,0.27586206896551724,0.8620689655172413
137.44790926775366,0.9655172413793104,0.5517241379310345,0.27586206896551724,0.8620689655172413
138.7209780541621,0.9655172413793104,0.5517241379310345,0.27586206896551724,0.8620689655172413
140.00583824680976,0.9655172413793104,0.5517241379310345,0.27586206896551724,0.8620689655172413
141.30259905995337,0.9655172413793104,0.5517241379310345,0.27586206896551724,0.8620689655172413
142.61137071941283,0.9655172413793104,0.5517241379310345,0.27586206896551724,0.8620689655172413
143.93226447194064,0.9655172413793104,0.5517241379310345,0.27586206896551724,0.8620689655172413
145.26539259467813,0.9655172413793104,0.5517241379310345,0.27586206896551724,0.8620689655172413
146.61086840469844,0.9655172413793104,0.5517241379310345,0.27586206896551724,0.8620689655172413
147.96880626863964,0.9655172413793104,0.5517241379310345,0.27586206896551724,0.8620689655172413
149.33932161242518,0.9655172413793104,0.5517241379310345,0.27586206896551724,0.8620689655172413
150.72253093107557,0.9655172413793104,0.5517241379310345,0.27586206896551724,0.8620689655172413
152.1185517986105,0.9655172413793104,0.5517241379310345,0.27586206896551724,0.8620689655172413
153.52750287804227,0.9655172413793104,0.5517241379310345,0.27586206896551724,0.8620689655172413
154.94950393146317,0.9655172413793104,0.5517241379310345,0.27586206896551724,0.8620689655172413
156.3846758302246,0.9655172413793104,0.5517241379310345,0.27586206896551724,0.8620689655172413
157.8331405652118,0.9655172413793104,0.5517241379310345,0.27586206896551724,0.8620689655172413
159.29502125721228,0.9655172413793104,0.5517241379310345,0.27586206896551724,0.8620689655172413
160.77044216738236,0.9655172413793104,0.5517241379310345,0.27586206896551724,0.8620689655172413
162.25952870780873,0.9655172413793104,0.5862068965517241,0.27586206896551724,0.8620689655172413
163.76240745216873,0.9655172413793104,0.5862068965517241,0.27586206896551724,0.8620689655172413
165.27920614648954,0.9655172413793104,0.5862068965517241,0.27586206896551724,0.8620689655172413
166.81005372000593,0.9655172413793104,0.5862068965517241,0.27586206896551724,0.8620689655172413
168.35508029612024,0.9655172413793104,0.5862068965517241,0.27586206896551724,0.8620689655172413
169.9144172034626,0.9655172413793104,0.5862068965517241,0.27586206896551724,0.896551724137931
171.48819698705393,0.9655172413793104,0.5862068965517241,0.27586206896551724,0.896551724137931
173.07655341957258,0.9655172413793104,0.5862068965517241,0.27586206896551724,0.896551724137931
174.67962151272457,0.9655172413793104,0.5862068965517241,0.27586206896551724,0.896551724137931
176.29753752872057,0.9655172413793104,0.5862068965517241,0.27586206896551724,0.896551724137931
177.93043899185773,0.9655172413793104,0.5862068965517241,0.27586206896551724,0.896551724137931
179.5784647002095,0.9655172413793104,0.5862068965517241,0.27586206896551724,0.896551724137931
181.24175473742378,0.9655172413793104,0.5862068965517241,0.27586206896551724,0.896551724137931
182.92045048462938,0.9655172413793104,0.5862068965517241,0.27586206896551724,0.896551724137931
184.61469463245476,0.9655172413793104,0.5862068965517241,0.27586206896551724,0.896551724137931
186.324631193156,0.9655172413793104,0.5862068965517241,0.27586206896551724,0.896551724137931
188.05040551285816,0.9655172413793104,0.5862068965517241,0.27586206896551724,0.896551724137931
189.79216428391015,0.9655172413793104,0.5862068965517241,0.27586206896551724,0.896551724137931
191.55005555735278,0.9655172413793104,0.5862068965517241,0.27586206896551724,0.896551724137931
193.32422875550452,0.9655172413793104,0.5862068965517241,0.27586206896551724,0.896551724137931
195.11483468466164,0.9655172413793104,0.5862068965517241,0.27586206896551724,0.896551724137931
196.92202554791714,0.9655172413793104,0.5862068965517241,0.27586206896551724,0.896551724137931
198.74595495809837,0.9655172413793104,0.5862068965517241,0.27586206896551724,0.896551724137931
200.5867779508234,0.9655172413793104,0.5862068965517241,0.27586206896551724,0.896551724137931
202.44465099768038,0.9655172413793104,0.5862068965517241,0.27586206896551724,0.896551724137931
204.31973201952704,0.9655172413793104,0.5862068965517241,0.27586206896551724,0.896551724137931
206.21218039991425,0.9655172413793104,0.5862068965517241,0.27586206896551724,0.896551724137931
208.12215699863393,0.9655172413793104,0.5862068965517241,0.27586206896551724,0.896551724137931
210.04982416539153,0.9655172413793104,0.5862068965517241,0.27586206896551724,0.896551724137931
211.9953457536071,0.9655172413793104,0.5862068965517241,0.27586206896551724,0.896551724137931
213.95888713434215,0.9655172413793104,0.5862068965517241,0.27586206896551724,0.896551724137931
215.94061521035653,0.9655172413793104,0.5862068965517241,0.27586206896551724,0.896551724137931
217.94069843029558,0.9655172413793104,0.5862068965517241,0.27586206896551724,0.896551724137931
219.95930680300748,0.9655172413793104,0.5862068965517241,0.27586206896551724,0.896551724137931
221.99661191199547,0.9655172413793104,0.5862068965517241,0.27586206896551724,0.896551724137931
224.05278693000182,0.9655172413793104,0.5862068965517241,0.27586206896551724,0.896551724137931
226.12800663372772,0.9655172413793104,0.5862068965517241,0.27586206896551724,0.896551724137931
228.22244741868985,0.9655172413793104,0.5862068965517241,0.27586206896551724,0.896551724137931
230.33628731421314,0.9655172413793104,0.5862068965517241,0.27586206896551724,0.896551724137931
232.4697059985648,0.9655172413793104,0.5862068965517241,0.27586206896551724,0.896551724137931
234.62288481422624,0.9655172413793104,0.5862068965517241,0.27586206896551724,0.896551724137931
236.79600678330763,0.9655172413793104,0.5862068965517241,0.27586206896551724,0.896551724137931
238.98925662310504,0.9655172413793104,0.5862068965517241,0.27586206896551724,0.896551724137931
241.2028207618007,0.9655172413793104,0.5862068965517241,0.27586206896551724,0.896551724137931
243.43688735431104,0.9655172413793104,0.5862068965517241,0.27586206896551724,0.896551724137931
245.691646298279,0.9655172413793104,0.5862068965517241,0.27586206896551724,0.896551724137931
247.96728925021577,0.9655172413793104,0.5862068965517241,0.27586206896551724,0.896551724137931
250.26400964179192,0.9655172413793104,0.5862068965517241,0.27586206896551724,0.896551724137931
252.58200269627847,0.9655172413793104,0.5862068965517241,0.27586206896551724,0.896551724137931
254.9214654451423,0.9655172413793104,0.5862068965517241,0.27586206896551724,0.896551724137931
257.28259674479324,0.9655172413793104,0.5862068965517241,0.27586206896551724,0.896551724137931
259.665597293487,0.9655172413793104,0.5862068965517241,0.27586206896551724,0.896551724137931
262.07066964838526,0.9655172413793104,0.5862068965517241,0.27586206896551724,0.896551724137931
264.498018242772,0.9655172413793104,0.5862068965517241,0.27586206896551724,0.896551724137931
266.9478494034321,0.9655172413793104,0.5862068965517241,0.27586206896551724,0.896551724137931
269.4203713681882,0.9655172413793104,0.5862068965517241,0.27586206896551724,0.896551724137931
271.9157943036019,0.9655172413793104,0.5862068965517241,0.27586206896551724,0.896551724137931
274.43433032283656,0.9655172413793104,0.5862068965517241,0.27586206896551724,0.896551724137931
276.9761935036891,0.9655172413793104,0.5862068965517241,0.27586206896551724,0.896551724137931
279.5415999067856,0.9655172413793104,0.5862068965517241,0.27586206896551724,0.896551724137931
282.1307675939471,0.9655172413793104,0.5862068965517241,0.27586206896551724,0.896551724137931
284.74391664672476,0.9655172413793104,0.5862068965517241,0.27586206896551724,0.896551724137931
287.38126918510665,0.9655172413793104,0.5862068965517241,0.27586206896551724,0.896551724137931
290.04304938639916,0.9655172413793104,0.5862068965517241,0.27586206896551724,0.896551724137931
292.7294835042816,0.9655172413793104,0.5862068965517241,0.27586206896551724,0.896551724137931
295.440799888038,0.9655172413793104,0.5862068965517241,0.27586206896551724,0.896551724137931
298.17722900196736,0.9655172413793104,0.5862068965517241,0.27586206896551724,0.896551724137931
300.9390034449721,0.9655172413793104,0.5862068965517241,0.27586206896551724,0.896551724137931
303.72635797033115,0.9655172413793104,0.5862068965517241,0.27586206896551724,0.896551724137931
306.5395295056527,0.9655172413793104,0.5862068965517241,0.27586206896551724,0.896551724137931
309.3787571730137,0.9655172413793104,0.5862068965517241,0.27586206896551724,0.896551724137931
312.2442823092858,0.9655172413793104,0.5862068965517241,0.27586206896551724,0.896551724137931
315.13634848664793,0.9655172413793104,0.5862068965517241,0.27586206896551724,0.896551724137931
318.05520153329195,0.9655172413793104,0.6206896551724138,0.27586206896551724,0.896551724137931
321.00108955431716,0.9655172413793104,0.6206896551724138,0.27586206896551724,0.896551724137931
323.9742629528196,0.9655172413793104,0.6206896551724138,0.27586206896551724,0.896551724137931
326.9749744511768,0.9655172413793104,0.6206896551724138,0.27586206896551724,0.896551724137931
330.0034791125285,0.9655172413793104,0.6206896551724138,0.27586206896551724,0.896551724137931
333.06003436245885,0.9655172413793104,0.6206896551724138,0.27586206896551724,0.896551724137931
336.1449000108765,0.9655172413793104,0.6206896551724138,0.27586206896551724,0.896551724137931
339.2583382740992,0.9655172413793104,0.6206896551724138,0.27586206896551724,0.896551724137931
342.40061379714257,0.9655172413793104,0.6206896551724138,0.27586206896551724,0.896551724137931
345.57199367621394,0.9655172413793104,0.6206896551724138,0.27586206896551724,0.896551724137931
348.77274748141775,0.9655172413793104,0.6206896551724138,0.27586206896551724,0.896551724137931
352.00314727966787,0.9655172413793104,0.6206896551724138,0.27586206896551724,0.896551724137931
355.2634676578139,0.9655172413793104,0.6206896551724138,0.27586206896551724,0.896551724137931
358.5539857459817,0.9655172413793104,0.6206896551724138,0.27586206896551724,0.896551724137931
361.874981241128,0.9655172413793104,0.6206896551724138,0.27586206896551724,0.896551724137931
365.22673643081754,0.9655172413793104,0.6206896551724138,0.27586206896551724,0.896551724137931
368.6095362172158,0.9655172413793104,0.6206896551724138,0.27586206896551724,0.896551724137931
372.0236681413066,0.9655172413793104,0.6206896551724138,0.27586206896551724,0.896551724137931
375.4694224073337,0.9655172413793104,0.6206896551724138,0.27586206896551724,0.896551724137931
378.94709190746676,0.9655172413793104,0.6206896551724138,0.27586206896551724,0.896551724137931
382.45697224669993,0.9655172413793104,0.6206896551724138,0.27586206896551724,0.896551724137931
385.9993617679767,0.9655172413793104,0.6206896551724138,0.27586206896551724,0.896551724137931
389.5745615775501,0.9655172413793104,0.6551724137931034,0.27586206896551724,0.896551724137931
393.18287557057704,0.9655172413793104,0.6551724137931034,0.27586206896551724,0.896551724137931
396.82461045694816,0.9655172413793104,0.6551724137931034,0.27586206896551724,0.896551724137931
400.5000757873611,0.9655172413793104,0.6551724137931034,0.27586206896551724,0.896551724137931
404.20958397963057,0.9655172413793104,0.6551724137931034,0.27586206896551724,0.896551724137931
407.9534503452449,0.9655172413793104,0.6551724137931034,0.27586206896551724,0.896551724137931
411.7319931161679,0.9655172413793104,0.6551724137931034,0.27586206896551724,0.896551724137931
415.54553347188755,0.9655172413793104,0.6551724137931034,0.27586206896551724,0.896551724137931
419.39439556671863,0.9655172413793104,0.6551724137931034,0.27586206896551724,0.896551724137931
423.27890655735484,0.9655172413793104,0.6551724137931034,0.27586206896551724,0.896551724137931
427.19939663067765,0.9655172413793104,0.6551724137931034,0.27586206896551724,0.896551724137931
431.15619903182284,0.9655172413793104,0.6551724137931034,0.27586206896551724,0.896551724137931
435.149650092505,0.9655172413793104,0.6551724137931034,0.27586206896551724,0.896551724137931
439.1800892596086,0.9655172413793104,0.6551724137931034,0.27586206896551724,0.896551724137931
443.2478591240396,0.9655172413793104,0.6551724137931034,0.27586206896551724,0.896551724137931
447.3533054498463,0.9655172413793104,0.6551724137931034,0.27586206896551724,0.896551724137931
451.4967772036102,0.9655172413793104,0.6551724137931034,0.27586206896551724,0.896551724137931
455.6786265841064,0.9655172413793104,0.6551724137931034,0.27586206896551724,0.896551724137931
459.8992090522438,0.9655172413793104,0.6551724137931034,0.27586206896551724,0.896551724137931
464.15888336127773,0.9655172413793104,0.6551724137931034,0.27586206896551724,0.896551724137931
468.4580115873045,0.9655172413793104,0.6551724137931034,0.27586206896551724,0.896551724137931
472.7969591600391,0.9655172413793104,0.6551724137931034,0.27586206896551724,0.896551724137931
477.17609489387456,0.9655172413793104,0.6551724137931034,0.27586206896551724,0.896551724137931
481.5957910192351,0.9655172413793104,0.6551724137931034,0.27586206896551724,0.896551724137931
486.0564232142134,0.9655172413793104,0.6551724137931034,0.27586206896551724,0.896551724137931
490.55837063650455,0.9655172413793104,0.6551724137931034,0.27586206896551724,0.896551724137931
495.1020159556351,0.9655172413793104,0.6551724137931034,0.27586206896551724,0.896551724137931
499.68774538548837,0.9655172413793104,0.6551724137931034,0.27586206896551724,0.896551724137931
504.3159487171359,0.9655172413793104,0.6551724137931034,0.27586206896551724,0.896551724137931
508.98701935196794,0.9655172413793104,0.6551724137931034,0.27586206896551724,0.896551724137931
513.7013543351344,0.9655172413793104,0.6551724137931034,0.27586206896551724,0.896551724137931
518.4593543892913,0.9655172413793104,0.6551724137931034,0.27586206896551724,0.896551724137931
523.2614239486662,0.9655172413793104,0.6551724137931034,0.27586206896551724,0.896551724137931
528.1079711934331,0.9655172413793104,0.6551724137931034,0.27586206896551724,0.896551724137931
532.9994080844087,0.9655172413793104,0.6551724137931034,0.27586206896551724,0.896551724137931
537.9361503980704,0.9655172413793104,0.6551724137931034,0.27586206896551724,0.896551724137931
542.9186177618943,0.9655172413793104,0.6551724137931034,0.27586206896551724,0.896551724137931
547.9472336900287,0.9655172413793104,0.6551724137931034,0.27586206896551724,0.896551724137931
553.0224256192901,0.9655172413793104,0.6551724137931034,0.27586206896551724,0.896551724137931
558.144624945496,0.9655172413793104,0.6551724137931034,0.27586206896551724,0.896551724137931
563.3142670601358,0.9655172413793104,0.6551724137931034,0.27586206896551724,0.896551724137931
568.5317913873754,0.9655172413793104,0.6551724137931034,0.27586206896551724,0.896551724137931
573.7976414214133,0.9655172413793104,0.6551724137931034,0.27586206896551724,0.896551724137931
579.1122647641758,0.9655172413793104,0.6551724137931034,0.27586206896551724,0.896551724137931
584.4761131633632,0.9655172413793104,0.6551724137931034,0.27586206896551724,0.896551724137931
589.8896425508499,0.9655172413793104,0.6551724137931034,0.27586206896551724,0.896551724137931
595.353313081437,0.9655172413793104,0.6896551724137931,0.27586206896551724,0.896551724137931
600.8675891719687,0.9655172413793104,0.6896551724137931,0.27586206896551724,0.896551724137931
606.4329395408062,0.9655172413793104,0.6896551724137931,0.27586206896551724,0.896551724137931
612.0498372476696,0.9655172413793104,0.6896551724137931,0.27586206896551724,0.896551724137931
617.7187597338494,0.9655172413793104,0.6896551724137931,0.27586206896551724,0.896551724137931
623.4401888627864,0.9655172413793104,0.6896551724137931,0.27586206896551724,0.896551724137931
629.2146109610344,0.9655172413793104,0.6896551724137931,0.27586206896551724,0.896551724137931
635.0425168595962,0.9655172413793104,0.6896551724137931,0.27586206896551724,0.896551724137931
640.924401935645,0.9655172413793104,0.6896551724137931,0.27586206896551724,0.896551724137931
646.8607661546328,0.9655172413793104,0.6896551724137931,0.27586206896551724,0.896551724137931
652.8521141127848,0.9655172413793104,0.6896551724137931,0.27586206896551724,0.896551724137931
658.898955079995,0.9655172413793104,0.6896551724137931,0.27586206896551724,0.896551724137931
665.0018030431119,0.9655172413793104,0.6896551724137931,0.27586206896551724,0.896551724137931
671.161176749628,0.9655172413793104,0.6896551724137931,0.27586206896551724,0.896551724137931
677.3775997517752,0.9655172413793104,0.6896551724137931,0.27586206896551724,0.896551724137931
683.6516004510238,0.9655172413793104,0.6896551724137931,0.27586206896551724,0.896551724137931
689.9837121430019,0.9655172413793104,0.6896551724137931,0.27586206896551724,0.896551724137931
696.3744730628222,0.9655172413793104,0.6896551724137931,0.27586206896551724,0.896551724137931
702.8244264308346,0.9655172413793104,0.6896551724137931,0.27586206896551724,0.896551724137931
709.3341204987997,0.9655172413793104,0.6896551724137931,0.27586206896551724,0.896551724137931
715.9041085964889,0.9655172413793104,0.6896551724137931,0.27586206896551724,0.896551724137931
722.5349491787214,0.9655172413793104,0.6896551724137931,0.27586206896551724,0.896551724137931
729.2272058728313,0.9655172413793104,0.6896551724137931,0.27586206896551724,0.896551724137931
735.9814475265764,0.9655172413793104,0.6896551724137931,0.27586206896551724,0.896551724137931
742.7982482564919,0.9655172413793104,0.6896551724137931,0.27586206896551724,0.896551724137931
749.6781874966877,0.9655172413793104,0.6896551724137931,0.27586206896551724,0.896551724137931
756.6218500481056,0.9655172413793104,0.6896551724137931,0.27586206896551724,0.896551724137931
763.6298261282242,0.9655172413793104,0.6896551724137931,0.27586206896551724,0.896551724137931
770.7027114212295,0.9655172413793104,0.6896551724137931,0.27586206896551724,0.896551724137931
777.841107128649,0.9655172413793104,0.6896551724137931,0.27586206896551724,0.896551724137931
785.0456200204509,0.9655172413793104,0.6896551724137931,0.27586206896551724,0.896551724137931
792.3168624866254,0.9655172413793104,0.6896551724137931,0.27586206896551724,0.896551724137931
799.6554525892346,0.9655172413793104,0.6896551724137931,0.27586206896551724,0.896551724137931
807.0620141149499,0.9655172413793104,0.6896551724137931,0.27586206896551724,0.896551724137931
814.5371766280746,0.9655172413793104,0.6896551724137931,0.27586206896551724,0.896551724137931
822.0815755240541,0.9655172413793104,0.6896551724137931,0.27586206896551724,0.896551724137931
829.6958520834906,0.9655172413793104,0.6896551724137931,0.27586206896551724,0.896551724137931
837.380653526649,0.9655172413793104,0.6896551724137931,0.27586206896551724,0.896551724137931
845.1366330684713,0.9655172413793104,0.6896551724137931,0.27586206896551724,0.896551724137931
852.9644499741025,0.9655172413793104,0.6896551724137931,0.27586206896551724,0.896551724137931
860.8647696149245,0.9655172413793104,0.6896551724137931,0.27586206896551724,0.896551724137931
868.8382635251185,0.9655172413793104,0.6896551724137931,0.27586206896551724,0.896551724137931
876.8856094587427,0.9655172413793104,0.6896551724137931,0.27586206896551724,0.896551724137931
885.0074914473439,0.9655172413793104,0.6896551724137931,0.27586206896551724,0.896551724137931
893.2045998580968,0.9655172413793104,0.6896551724137931,0.27586206896551724,0.896551724137931
901.4776314524918,0.9655172413793104,0.6896551724137931,0.27586206896551724,0.896551724137931
909.8272894455558,0.9655172413793104,0.6896551724137931,0.27586206896551724,0.896551724137931
918.2542835656282,0.9655172413793104,0.6896551724137931,0.27586206896551724,0.896551724137931
926.7593301146883,0.9655172413793104,0.6896551724137931,0.27586206896551724,0.896551724137931
935.3431520292387,0.9655172413793104,0.6896551724137931,0.27586206896551724,0.896551724137931
944.0064789417603,0.9655172413793104,0.6896551724137931,0.27586206896551724,0.896551724137931
952.750047242729,0.9655172413793104,0.6896551724137931,0.27586206896551724,0.896551724137931
961.5746001432095,0.9655172413793104,0.6896551724137931,0.27586206896551724,0.896551724137931
970.4808877380307,0.9655172413793104,0.6896551724137931,0.27586206896551724,0.896551724137931
979.4696670695396,0.9655172413793104,0.6896551724137931,0.27586206896551724,0.896551724137931
988.5417021919574,0.9655172413793104,0.6896551724137931,0.27586206896551724,0.896551724137931
997.6977642363202,0.9655172413793104,0.6896551724137931,0.27586206896551724,0.896551724137931
1006.9386314760271,0.9655172413793104,0.6896551724137931,0.27586206896551724,0.896551724137931
1016.2650893929952,0.9655172413793104,0.6896551724137931,0.27586206896551724,0.896551724137931
1025.677930744422,0.9655172413793104,0.6896551724137931,0.27586206896551724,0.896551724137931
1035.1779556301763,0.9655172413793104,0.6896551724137931,0.27586206896551724,0.896551724137931
1044.7659715608042,0.9655172413793104,0.6896551724137931,0.27586206896551724,0.896551724137931
1054.4427935261685,0.9655172413793104,0.6896551724137931,0.27586206896551724,0.896551724137931
1064.2092440647245,0.9655172413793104,0.6896551724137931,0.27586206896551724,0.896551724137931
1074.0661533334335,0.9655172413793104,0.6896551724137931,0.27586206896551724,0.896551724137931
1084.014359178331,0.9655172413793104,0.6896551724137931,0.27586206896551724,0.896551724137931
1094.0547072057425,0.9655172413793104,0.6896551724137931,0.27586206896551724,0.896551724137931
1104.18805085416,0.9655172413793104,0.6896551724137931,0.27586206896551724,0.896551724137931
1114.415251466788,0.9655172413793104,0.6896551724137931,0.27586206896551724,0.896551724137931
1124.737178364752,0.9655172413793104,0.6896551724137931,0.27586206896551724,0.896551724137931
1135.154708920999,0.9655172413793104,0.6896551724137931,0.27586206896551724,0.896551724137931
1145.6687286348715,0.9655172413793104,0.6896551724137931,0.27586206896551724,0.896551724137931
1156.2801312073755,0.9655172413793104,0.6896551724137931,0.27586206896551724,0.896551724137931
1166.9898186171474,0.9655172413793104,0.6896551724137931,0.27586206896551724,0.896551724137931
1177.7987011971193,0.9655172413793104,0.6896551724137931,0.27586206896551724,0.896551724137931
1188.7076977119034,0.9655172413793104,0.6896551724137931,0.27586206896551724,0.896551724137931
1199.7177354358844,0.9655172413793104,0.6896551724137931,0.27586206896551724,0.896551724137931
1210.8297502320395,0.9655172413793104,0.6896551724137931,0.27586206896551724,0.896551724137931
1222.0446866314887,0.9655172413793104,0.6896551724137931,0.27586206896551724,0.896551724137931
1233.363497913776,0.9655172413793104,0.6896551724137931,0.27586206896551724,0.896551724137931
1244.787146187906,0.9655172413793104,0.6896551724137931,0.27586206896551724,0.896551724137931
1256.3166024741201,0.9655172413793104,0.6896551724137931,0.27586206896551724,0.896551724137931
1267.9528467864338,0.9655172413793104,0.6896551724137931,0.27586206896551724,0.896551724137931
1279.6968682159415,0.9655172413793104,0.6896551724137931,0.27586206896551724,0.896551724137931
1291.549665014884,0.9655172413793104,0.6896551724137931,0.27586206896551724,0.896551724137931
1303.512244681509,0.9655172413793104,0.6896551724137931,0.27586206896551724,0.896551724137931
1315.5856240457038,0.9655172413793104,0.6896551724137931,0.27586206896551724,0.896551724137931
1327.770829355429,0.9655172413793104,0.6896551724137931,0.27586206896551724,0.896551724137931
1340.0688963639507,0.9655172413793104,0.6896551724137931,0.27586206896551724,0.896551724137931
1352.4808704178754,0.9655172413793104,0.6896551724137931,0.27586206896551724,0.896551724137931
1365.0078065460139,0.9655172413793104,0.6896551724137931,0.27586206896551724,0.896551724137931
1377.6507695490536,0.9655172413793104,0.6896551724137931,0.27586206896551724,0.896551724137931
1390.4108340900696,0.9655172413793104,0.6896551724137931,0.27586206896551724,0.896551724137931
1403.2890847858732,0.9655172413793104,0.6896551724137931,0.27586206896551724,0.896551724137931
1416.2866162991988,0.9655172413793104,0.6896551724137931,0.27586206896551724,0.896551724137931
1429.4045334317611,0.9655172413793104,0.6896551724137931,0.27586206896551724,0.896551724137931
1442.6439512181573,0.9655172413793104,0.6896551724137931,0.27586206896551724,0.896551724137931
1456.0059950206485,0.9655172413793104,0.6896551724137931,0.27586206896551724,0.896551724137931
1469.4918006248172,0.9655172413793104,0.6896551724137931,0.27586206896551724,0.896551724137931
1483.1025143361044,0.9655172413793104,0.6896551724137931,0.27586206896551724,0.896551724137931
1496.8392930772557,0.9655172413793104,0.6896551724137931,0.27586206896551724,0.896551724137931
1510.7033044866541,0.9655172413793104,0.6896551724137931,0.27586206896551724,0.896551724137931
1524.695727017573,0.9655172413793104,0.6896551724137931,0.27586206896551724,0.896551724137931
1538.8177500383463,0.9655172413793104,0.6896551724137931,0.27586206896551724,0.896551724137931
1553.07057393346,0.9655172413793104,0.6896551724137931,0.27586206896551724,0.896551724137931
1567.455410205595,0.9655172413793104,0.6896551724137931,0.27586206896551724,0.896551724137931
1581.9734815785998,0.9655172413793104,0.6896551724137931,0.27586206896551724,0.896551724137931
1596.6260221014252,0.9655172413793104,0.6896551724137931,0.27586206896551724,0.896551724137931
1611.41427725302,0.9655172413793104,0.6896551724137931,0.27586206896551724,0.896551724137931
1626.3395040481923,0.9655172413793104,0.6896551724137931,0.3103448275862069,0.896551724137931
1641.4029711444664,0.9655172413793104,0.6896551724137931,0.3103448275862069,0.896551724137931
1656.6059589499134,0.9655172413793104,0.6896551724137931,0.3103448275862069,0.896551724137931
1671.94975973199,0.9655172413793104,0.6896551724137931,0.3103448275862069,0.896551724137931
1687.4356777273756,0.9655172413793104,0.6896551724137931,0.3103448275862069,0.896551724137931
1703.0650292528444,0.9655172413793104,0.6896551724137931,0.3103448275862069,0.896551724137931
1718.8391428171456,0.9655172413793104,0.6896551724137931,0.3103448275862069,0.896551724137931
1734.7593592339308,0.9655172413793104,0.6896551724137931,0.3103448275862069,0.896551724137931
1750.827031735725,0.9655172413793104,0.6896551724137931,0.3103448275862069,0.896551724137931
1767.0435260889467,0.9655172413793104,0.6896551724137931,0.3103448275862069,0.896551724137931
1783.4102207100082,0.9655172413793104,0.6896551724137931,0.3103448275862069,0.896551724137931
1799.9285067824765,0.9655172413793104,0.6896551724137931,0.3103448275862069,0.896551724137931
1816.5997883753266,0.9655172413793104,0.6896551724137931,0.3103448275862069,0.896551724137931
1833.4254825622907,0.9655172413793104,0.6896551724137931,0.3103448275862069,0.896551724137931
1850.4070195423021,0.9655172413793104,0.6896551724137931,0.3103448275862069,0.896551724137931
1867.545842761076,0.9655172413793104,0.6896551724137931,0.3103448275862069,0.896551724137931
1884.8434090337953,0.9655172413793104,0.6896551724137931,0.3103448275862069,0.896551724137931
1902.301188668944,0.9655172413793104,0.6896551724137931,0.3103448275862069,0.896551724137931
1919.9206655932849,0.9655172413793104,0.6896551724137931,0.3103448275862069,0.896551724137931
1937.703337477989,0.9655172413793104,0.6896551724137931,0.3103448275862069,0.896551724137931
1955.650715865949,0.9655172413793104,0.6896551724137931,0.3103448275862069,0.896551724137931
1973.7643263002553,0.9655172413793104,0.6896551724137931,0.3103448275862069,0.896551724137931
1992.0457084538693,0.9655172413793104,0.6896551724137931,0.3103448275862069,0.896551724137931
2010.496416260499,0.9655172413793104,0.6896551724137931,0.3103448275862069,0.896551724137931
2029.1180180466781,0.9655172413793104,0.6896551724137931,0.3103448275862069,0.896551724137931
2047.9120966650855,0.9655172413793104,0.6896551724137931,0.3103448275862069,0.896551724137931
2066.880249629082,0.9655172413793104,0.6896551724137931,0.3103448275862069,0.896551724137931
2086.0240892485026,0.9655172413793104,0.6896551724137931,0.3103448275862069,0.896551724137931
2105.345242766706,0.9655172413793104,0.6896551724137931,0.3103448275862069,0.896551724137931
2124.8453524988827,0.9655172413793104,0.6896551724137931,0.3103448275862069,0.896551724137931
2144.5260759716675,0.9655172413793104,0.6896551724137931,0.3103448275862069,0.896551724137931
2164.3890860640204,0.9655172413793104,0.6896551724137931,0.3103448275862069,0.896551724137931
2184.436071149426,0.9655172413793104,0.6896551724137931,0.3103448275862069,0.896551724137931
2204.6687352394097,0.9655172413793104,0.6896551724137931,0.3103448275862069,0.896551724137931
2225.0887981283695,0.9655172413793104,0.6896551724137931,0.3103448275862069,0.896551724137931
2245.697995539774,0.9655172413793104,0.6896551724137931,0.3103448275862069,0.896551724137931
2266.498079273693,0.9655172413793104,0.6896551724137931,0.3103448275862069,0.896551724137931
2287.490817355702,0.9655172413793104,0.6896551724137931,0.3103448275862069,0.896551724137931
2308.6779941871696,0.9655172413793104,0.6896551724137931,0.3103448275862069,0.896551724137931
2330.0614106969247,0.9655172413793104,0.6896551724137931,0.3103448275862069,0.896551724137931
2351.6428844943484,0.9655172413793104,0.6896551724137931,0.3103448275862069,0.896551724137931
2373.424250023866,0.9655172413793104,0.6896551724137931,0.3103448275862069,0.896551724137931
2395.407358720877,0.9655172413793104,0.6896551724137931,0.3103448275862069,0.896551724137931
2417.594079169131,0.9655172413793104,0.6896551724137931,0.3103448275862069,0.896551724137931
2439.98629725955,0.9655172413793104,0.6896551724137931,0.3103448275862069,0.896551724137931
2462.5859163505465,0.9655172413793104,0.6896551724137931,0.3103448275862069,0.896551724137931
2485.3948574297983,0.9655172413793104,0.6896551724137931,0.3103448275862069,0.896551724137931
2508.4150592775386,0.9655172413793104,0.6896551724137931,0.3103448275862069,0.896551724137931
2531.6484786313554,0.9655172413793104,0.6896551724137931,0.3103448275862069,0.896551724137931
2555.097090352507,0.9655172413793104,0.6896551724137931,0.3103448275862069,0.896551724137931
2578.7628875938008,0.9655172413793104,0.6896551724137931,0.3103448275862069,0.896551724137931
2602.6478819690046,0.9655172413793104,0.6896551724137931,0.3103448275862069,0.896551724137931
2626.7541037238357,0.9655172413793104,0.6896551724137931,0.3103448275862069,0.896551724137931
2651.083601908539,0.9655172413793104,0.6896551724137931,0.3103448275862069,0.896551724137931
2675.6384445520453,0.9655172413793104,0.6896551724137931,0.3103448275862069,0.896551724137931
2700.4207188377727,0.9655172413793104,0.6896551724137931,0.3103448275862069,0.896551724137931
2725.432531281028,0.9655172413793104,0.6896551724137931,0.3103448275862069,0.896551724137931
2750.6760079080645,0.9655172413793104,0.6896551724137931,0.3103448275862069,0.896551724137931
2776.153294436801,0.9655172413793104,0.6896551724137931,0.3103448275862069,0.896551724137931
2801.866556459195,0.9655172413793104,0.6896551724137931,0.3103448275862069,0.896551724137931
2827.817979625341,0.9655172413793104,0.6896551724137931,0.3103448275862069,0.896551724137931
2854.0097698292375,0.9655172413793104,0.6896551724137931,0.3103448275862069,0.896551724137931
2880.4441533962977,0.9655172413793104,0.6896551724137931,0.3103448275862069,0.896551724137931
2907.123377272578,0.9655172413793104,0.6896551724137931,0.3103448275862069,0.896551724137931
2934.049709215787,0.9655172413793104,0.6896551724137931,0.3103448275862069,0.896551724137931
2961.2254379880346,0.9655172413793104,0.6896551724137931,0.3103448275862069,0.896551724137931
2988.6528735503825,0.9655172413793104,0.6896551724137931,0.3103448275862069,0.896551724137931
3016.3343472591973,0.9655172413793104,0.6896551724137931,0.3103448275862069,0.896551724137931
3044.272212064303,0.9655172413793104,0.6896551724137931,0.3103448275862069,0.896551724137931
3072.4688427090036,0.9655172413793104,0.6896551724137931,0.3103448275862069,0.896551724137931
3100.9266359319267,0.9655172413793104,0.6896551724137931,0.3103448275862069,0.896551724137931
3129.6480106707504,0.9655172413793104,0.6896551724137931,0.3103448275862069,0.896551724137931
3158.635408267819,0.9655172413793104,0.6896551724137931,0.3103448275862069,0.896551724137931
3187.8912926776457,0.9655172413793104,0.6896551724137931,0.3103448275862069,0.896551724137931
3217.4181506763716,0.9655172413793104,0.6896551724137931,0.3103448275862069,0.896551724137931
3247.218492073129,0.9655172413793104,0.6896551724137931,0.3103448275862069,0.896551724137931
3277.294849923382,0.9655172413793104,0.6896551724137931,0.3103448275862069,0.896551724137931
3307.6497807442424,0.9655172413793104,0.6896551724137931,0.3103448275862069,0.896551724137931
3338.285864731761,0.9655172413793104,0.6896551724137931,0.3103448275862069,0.896551724137931
3369.2057059802673,0.9655172413793104,0.6896551724137931,0.3103448275862069,0.896551724137931
3400.411932703706,0.9655172413793104,0.6896551724137931,0.3103448275862069,0.896551724137931
3431.9071974590424,0.9655172413793104,0.6896551724137931,0.3103448275862069,0.896551724137931
3463.6941773717344,0.9655172413793104,0.6896551724137931,0.3103448275862069,0.896551724137931
3495.775574363275,0.9655172413793104,0.6896551724137931,0.3103448275862069,0.896551724137931
3528.154115380883,0.9655172413793104,0.6896551724137931,0.3103448275862069,0.896551724137931
3560.832552629278,0.9655172413793104,0.6896551724137931,0.3103448275862069,0.896551724137931
3593.813663804626,0.9655172413793104,0.6896551724137931,0.3103448275862069,0.896551724137931
3627.1002523306483,0.9655172413793104,0.6896551724137931,0.3103448275862069,0.896551724137931
3660.695147596902,0.9655172413793104,0.6896551724137931,0.3103448275862069,0.896551724137931
3694.6012051993025,0.9655172413793104,0.6896551724137931,0.3103448275862069,0.896551724137931
3728.8213071828336,0.9655172413793104,0.6896551724137931,0.3103448275862069,0.896551724137931
3763.3583622865326,0.9655172413793104,0.6896551724137931,0.3103448275862069,0.896551724137931
3798.215306190736,0.9655172413793104,0.6896551724137931,0.3103448275862069,0.896551724137931
3833.3951017666013,0.9655172413793104,0.6896551724137931,0.3103448275862069,0.896551724137931
3868.9007393279753,0.9655172413793104,0.6896551724137931,0.3103448275862069,0.896551724137931
3904.73523688556,0.9655172413793104,0.6896551724137931,0.3103448275862069,0.896551724137931
3940.901640403448,0.9655172413793104,0.6896551724137931,0.3103448275862069,0.896551724137931
3977.403024058037,0.9655172413793104,0.6896551724137931,0.3103448275862069,0.896551724137931
4014.242490499322,0.9655172413793104,0.6896551724137931,0.3103448275862069,0.896551724137931
4051.423171114647,0.9655172413793104,0.6896551724137931,0.3103448275862069,0.896551724137931
4088.9482262948604,0.9655172413793104,0.6896551724137931,0.3103448275862069,0.896551724137931
4126.820845702951,0.9655172413793104,0.6896551724137931,0.3103448275862069,0.896551724137931
4165.044248545185,0.9655172413793104,0.6896551724137931,0.3103448275862069,0.896551724137931
4203.6216838447135,0.9655172413793104,0.6896551724137931,0.3103448275862069,0.896551724137931
4242.556430717777,0.9655172413793104,0.6896551724137931,0.3103448275862069,0.896551724137931
4281.851798652411,0.9655172413793104,0.6896551724137931,0.3103448275862069,0.896551724137931
4321.511127789762,0.9655172413793104,0.6896551724137931,0.3103448275862069,0.896551724137931
4361.537789208006,0.9655172413793104,0.6896551724137931,0.3103448275862069,0.896551724137931
4401.935185208875,0.9655172413793104,0.6896551724137931,0.3103448275862069,0.896551724137931
4442.706749606883,0.9655172413793104,0.6896551724137931,0.3103448275862069,0.896551724137931
4483.855948021186,0.9655172413793104,0.6896551724137931,0.3103448275862069,0.896551724137931
4525.386278170166,0.9655172413793104,0.6896551724137931,0.3103448275862069,0.896551724137931
4567.301270168747,0.9655172413793104,0.6896551724137931,0.3103448275862069,0.896551724137931
4609.604486828433,0.9655172413793104,0.6896551724137931,0.3103448275862069,0.896551724137931
4652.29952396019,0.9655172413793104,0.6896551724137931,0.3103448275862069,0.896551724137931
4695.390010680058,0.9655172413793104,0.6896551724137931,0.3103448275862069,0.896551724137931
4738.879609717651,0.9655172413793104,0.6896551724137931,0.3103448275862069,0.896551724137931
4782.772017727485,0.9655172413793104,0.6896551724137931,0.3103448275862069,0.896551724137931
4827.070965603183,0.9655172413793104,0.6896551724137931,0.3103448275862069,0.896551724137931
4871.780218794631,0.9655172413793104,0.6896551724137931,0.3103448275862069,0.896551724137931
4916.903577628026,0.9655172413793104,0.6896551724137931,0.3103448275862069,0.896551724137931
4962.444877628914,0.9655172413793104,0.6896551724137931,0.3103448275862069,0.896551724137931
5008.407989848212,0.9655172413793104,0.6896551724137931,0.3103448275862069,0.896551724137931
5054.79682119124,0.9655172413793104,0.6896551724137931,0.3103448275862069,0.896551724137931
5101.6153147498335,0.9655172413793104,0.6896551724137931,0.3103448275862069,0.896551724137931
5148.867450137493,0.9655172413793104,0.6896551724137931,0.3103448275862069,0.896551724137931
5196.557243827658,0.9655172413793104,0.6896551724137931,0.3103448275862069,0.896551724137931
5244.688749495119,0.9655172413793104,0.6896551724137931,0.3103448275862069,0.896551724137931
5293.266058360561,0.9655172413793104,0.6896551724137931,0.3103448275862069,0.896551724137931
5342.293299538353,0.9655172413793104,0.6896551724137931,0.3103448275862069,0.896551724137931
5391.7746403875,0.9655172413793104,0.6896551724137931,0.3103448275862069,0.896551724137931
5441.714286865893,0.9655172413793104,0.6896551724137931,0.3103448275862069,0.896551724137931
5492.116483887789,0.9655172413793104,0.6896551724137931,0.3103448275862069,0.896551724137931
5542.985515684669,0.9655172413793104,0.6896551724137931,0.3103448275862069,0.896551724137931
5594.325706169378,0.9655172413793104,0.6896551724137931,0.3103448275862069,0.896551724137931
5646.141419303667,0.9655172413793104,0.7241379310344828,0.3448275862068966,0.9310344827586207
5698.437059469142,0.9655172413793104,0.7241379310344828,0.3448275862068966,0.9310344827586207
5751.217071841614,0.9655172413793104,0.7241379310344828,0.3448275862068966,0.9310344827586207
5804.485942768978,0.9655172413793104,0.7241379310344828,0.3448275862068966,0.9310344827586207
5858.248200152536,0.9655172413793104,0.7241379310344828,0.3448275862068966,0.9310344827586207
5912.508413831875,0.9655172413793104,0.7241379310344828,0.3448275862068966,0.9310344827586207
5967.271195973317,0.9655172413793104,0.7241379310344828,0.3448275862068966,0.9310344827586207
6022.541201461928,0.9655172413793104,0.7241379310344828,0.3793103448275862,0.9310344827586207
6078.32312829723,0.9655172413793104,0.7241379310344828,0.3793103448275862,0.9310344827586207
6134.621717992506,0.9655172413793104,0.7241379310344828,0.3793103448275862,0.9310344827586207
6191.441755977841,0.9655172413793104,0.7241379310344828,0.3793103448275862,0.9310344827586207
6248.788072006894,0.9655172413793104,0.7241379310344828,0.3793103448275862,0.9310344827586207
6306.6655405674055,0.9655172413793104,0.7241379310344828,0.3793103448275862,0.9310344827586207
6365.079081295571,0.9655172413793104,0.7241379310344828,0.3793103448275862,0.9310344827586207
6424.033659394191,0.9655172413793104,0.7241379310344828,0.3793103448275862,0.9310344827586207
6483.534286054721,0.9655172413793104,0.7241379310344828,0.3793103448275862,0.9310344827586207
6543.586018883236,0.9655172413793104,0.7241379310344828,0.3793103448275862,0.9310344827586207
6604.193962330305,0.9655172413793104,0.7241379310344828,0.3793103448275862,0.9310344827586207
6665.363268124914,0.9655172413793104,0.7241379310344828,0.3793103448275862,0.9310344827586207
6727.099135712337,0.9655172413793104,0.7241379310344828,0.3793103448275862,0.9310344827586207
6789.406812696106,0.9655172413793104,0.7241379310344828,0.3793103448275862,0.9310344827586207
6852.291595284064,0.9655172413793104,0.7241379310344828,0.3793103448275862,0.9310344827586207
6915.758828738525,0.9655172413793104,0.7241379310344828,0.3793103448275862,0.9310344827586207
6979.81390783066,0.9655172413793104,0.7241379310344828,0.3793103448275862,0.9310344827586207
7044.462277299037,0.9655172413793104,0.7241379310344828,0.3793103448275862,0.9310344827586207
7109.709432312431,0.9655172413793104,0.7241379310344828,0.3793103448275862,0.9310344827586207
7175.560918936929,0.9655172413793104,0.7241379310344828,0.3793103448275862,0.9310344827586207
7242.022334607315,0.9655172413793104,0.7241379310344828,0.3793103448275862,0.9310344827586207
7309.099328602911,0.9655172413793104,0.7241379310344828,0.3793103448275862,0.9310344827586207
7376.79760252773,0.9655172413793104,0.7241379310344828,0.3793103448275862,0.9310344827586207
7445.122910795136,0.9655172413793104,0.7241379310344828,0.3793103448275862,0.9310344827586207
7514.08106111697,0.9655172413793104,0.7241379310344828,0.3793103448275862,0.9310344827586207
7583.677914997191,0.9655172413793104,0.7241379310344828,0.3793103448275862,0.9310344827586207
7653.919388230148,0.9655172413793104,0.7241379310344828,0.3793103448275862,0.9310344827586207
7724.8114514034005,0.9655172413793104,0.7241379310344828,0.3793103448275862,0.9310344827586207
7796.360130405229,0.9655172413793104,0.7241379310344828,0.3793103448275862,0.9310344827586207
7868.571506936852,0.9655172413793104,0.7241379310344828,0.3793103448275862,0.9310344827586207
7941.45171902934,0.9655172413793104,0.7241379310344828,0.3793103448275862,0.9310344827586207
8015.006961565405,0.9655172413793104,0.7241379310344828,0.3793103448275862,0.9310344827586207
8089.243486805938,0.9655172413793104,0.7241379310344828,0.3793103448275862,0.9310344827586207
8164.167604921464,0.9655172413793104,0.7241379310344828,0.3793103448275862,0.9310344827586207
8239.78568452852,0.9655172413793104,0.7241379310344828,0.3793103448275862,0.9310344827586207
8316.104153230961,0.9655172413793104,0.7241379310344828,0.3793103448275862,0.9310344827586207
8393.129498166365,0.9655172413793104,0.7241379310344828,0.3793103448275862,0.9310344827586207
8470.868266557402,0.9655172413793104,0.7241379310344828,0.3793103448275862,0.9310344827586207
8549.327066268375,0.9655172413793104,0.7241379310344828,0.3793103448275862,0.9310344827586207
8628.512566366895,0.9655172413793104,0.7241379310344828,0.3793103448275862,0.9310344827586207
8708.431497690724,0.9655172413793104,0.7241379310344828,0.3793103448275862,0.9310344827586207
8789.090653419955,0.9655172413793104,0.7241379310344828,0.3793103448275862,0.9310344827586207
8870.496889654403,0.9655172413793104,0.7241379310344828,0.3793103448275862,0.9310344827586207
8952.657125996391,0.9655172413793104,0.7241379310344828,0.3793103448275862,0.9310344827586207
9035.57834613893,0.9655172413793104,0.7241379310344828,0.3793103448275862,0.9310344827586207
9119.267598459299,0.9655172413793104,0.7241379310344828,0.3793103448275862,0.9310344827586207
9203.73199661822,0.9655172413793104,0.7241379310344828,0.3793103448275862,0.9310344827586207
9288.978720164498,0.9655172413793104,0.7241379310344828,0.3793103448275862,0.9310344827586207
9375.015015145289,0.9655172413793104,0.7241379310344828,0.3793103448275862,0.9310344827586207
9461.848194722003,0.9655172413793104,0.7241379310344828,0.3793103448275862,0.9310344827586207
9549.485639791967,0.9655172413793104,0.7241379310344828,0.3793103448275862,0.9310344827586207
9637.934799615785,0.9655172413793104,0.7241379310344828,0.3793103448275862,0.9310344827586207
9727.203192450537,0.9655172413793104,0.7241379310344828,0.3793103448275862,0.9310344827586207
9817.29840618884,0.9655172413793104,0.7241379310344828,0.3793103448275862,0.9310344827586207
9908.228099003798,0.9655172413793104,0.7241379310344828,0.3793103448275862,0.9310344827586207
10000.0,0.9655172413793104,0.7241379310344828,0.3793103448275862,0.9310344827586207
