tau,SCS-3.0,SCS_AA1,SCS_AA2,OSQP
1.0,0.26058631921824105,0.3517915309446254,0.2736156351791531,0.36807817589576547
1.0092621909870476,0.2671009771986971,0.36156351791530944,0.2768729641693811,0.36807817589576547
1.0186101701559758,0.2736156351791531,0.3811074918566775,0.2899022801302932,0.3713355048859935
1.0280447320933093,0.2736156351791531,0.3973941368078176,0.2931596091205212,0.3713355048859935
1.0375666787451858,0.28013029315960913,0.40716612377850164,0.2931596091205212,0.3713355048859935
1.0471768194855202,0.2899022801302932,0.4234527687296417,0.2931596091205212,0.3745928338762215
1.0568759711848041,0.2931596091205212,0.42996742671009774,0.2996742671009772,0.3778501628664495
1.0666649582795393,0.2931596091205212,0.4364820846905538,0.30618892508143325,0.3778501628664495
1.0765446128423155,0.30944625407166126,0.44625407166123776,0.30944625407166126,0.3778501628664495
1.0865157746525382,0.3127035830618892,0.4495114006514658,0.3257328990228013,0.3811074918566775
1.0965792912678098,0.31596091205211724,0.4527687296416938,0.3257328990228013,0.38436482084690554
1.1067360180959736,0.31921824104234525,0.4527687296416938,0.3289902280130293,0.38436482084690554
1.116986818467823,0.32247557003257327,0.4592833876221498,0.3550488599348534,0.38436482084690554
1.1273325637104867,0.32247557003257327,0.4592833876221498,0.3550488599348534,0.38436482084690554
1.1377741332214912,0.3257328990228013,0.4723127035830619,0.36156351791530944,0.38436482084690554
1.148312414543511,0.3257328990228013,0.48534201954397393,0.36482084690553745,0.38436482084690554
1.158948303439811,0.3289902280130293,0.495114006514658,0.36482084690553745,0.38762214983713356
1.1696827039703852,0.3322475570032573,0.50814332247557,0.3713355048859935,0.38762214983713356
1.180516528568805,0.3355048859934853,0.5179153094462541,0.38436482084690554,0.39087947882736157
1.1914506981197759,0.3485342019543974,0.5179153094462541,0.38436482084690554,0.3941368078175896
1.2024861420374122,0.36156351791530944,0.5342019543973942,0.3941368078175896,0.3973941368078176
1.2136237983442408,0.36156351791530944,0.5407166123778502,0.4006514657980456,0.3973941368078176
1.2248646137509314,0.36807817589576547,0.5439739413680782,0.40716612377850164,0.4006514657980456
1.2362095437367686,0.36807817589576547,0.5570032573289903,0.41368078175895767,0.4006514657980456
1.2476595526308696,0.3713355048859935,0.5667752442996743,0.41368078175895767,0.4006514657980456
1.259215613694151,0.38436482084690554,0.5765472312703583,0.4201954397394137,0.40716612377850164
1.2708787092020586,0.3941368078175896,0.5830618892508144,0.42671009771986973,0.40716612377850164
1.2826498305280605,0.3941368078175896,0.5928338762214984,0.42996742671009774,0.40716612377850164
1.2945299782279156,0.40390879478827363,0.5960912052117264,0.4364820846905538,0.41042345276872966
1.306520162124721,0.41042345276872966,0.6026058631921825,0.43973941368078173,0.41368078175895767
1.3186214013947486,0.4201954397394137,0.6058631921824105,0.44299674267100975,0.41368078175895767
1.330834724654075,0.4201954397394137,0.6058631921824105,0.4495114006514658,0.41368078175895767
1.343161170046016,0.43973941368078173,0.6123778501628665,0.4527687296416938,0.41368078175895767
1.3556017853293685,0.44299674267100975,0.6123778501628665,0.4560260586319218,0.4169381107491857
1.3681576279674716,0.4592833876221498,0.6221498371335505,0.46579804560260585,0.4201954397394137
1.3808297652180925,0.4723127035830619,0.6286644951140065,0.46905537459283386,0.4201954397394137
1.3936192742241424,0.4820846905537459,0.6286644951140065,0.4755700325732899,0.4201954397394137
1.406527242105237,0.48534201954397393,0.6351791530944625,0.4788273615635179,0.4234527687296417
1.4195547660501011,0.49185667752442996,0.6384364820846905,0.48534201954397393,0.42671009771986973
1.4327029534098308,0.495114006514658,0.6416938110749185,0.49185667752442996,0.42671009771986973
1.4459729217920199,0.504885993485342,0.6482084690553745,0.495114006514658,0.43322475570032576
1.4593657991557567,0.511400651465798,0.6579804560260586,0.498371335504886,0.43322475570032576
1.4728827239075026,0.5146579804560261,0.6579804560260586,0.498371335504886,0.43322475570032576
1.4865248449978568,0.5146579804560261,0.6579804560260586,0.498371335504886,0.43322475570032576
1.5002933220192183,0.5244299674267101,0.6579804560260586,0.501628664495114,0.43973941368078173
1.5141893253043521,0.5244299674267101,0.6579804560260586,0.504885993485342,0.4495114006514658
1.5282140360258698,0.5244299674267101,0.6579804560260586,0.50814332247557,0.4560260586319218
1.5423686462966282,0.5309446254071661,0.6579804560260586,0.511400651465798,0.4560260586319218
1.5566543592710615,0.5439739413680782,0.6644951140065146,0.5179153094462541,0.4592833876221498
1.5710723892474503,0.5439739413680782,0.6677524429967426,0.5211726384364821,0.4592833876221498
1.5856239617711374,0.5472312703583062,0.6710097719869706,0.5309446254071661,0.46579804560260585
1.6003103137387007,0.5472312703583062,0.6775244299674267,0.5309446254071661,0.46579804560260585
1.6151326935030905,0.5472312703583062,0.6807817589576547,0.5309446254071661,0.4723127035830619
1.6300923609797406,0.5537459283387622,0.6840390879478827,0.5374592833876222,0.4755700325732899
1.6451905877536626,0.5537459283387622,0.6970684039087948,0.5439739413680782,0.4755700325732899
1.66042865718753,0.5570032573289903,0.7003257328990228,0.5504885993485342,0.4755700325732899
1.6758078645307677,0.5602605863192183,0.7003257328990228,0.5537459283387622,0.4755700325732899
1.691329517029648,0.5700325732899023,0.7003257328990228,0.5570032573289903,0.4788273615635179
1.7069949340384074,0.5700325732899023,0.7035830618892508,0.5570032573289903,0.4788273615635179
1.722805447131394,0.5765472312703583,0.7035830618892508,0.5570032573289903,0.4788273615635179
1.7387624002162507,0.5798045602605864,0.7035830618892508,0.5602605863192183,0.4788273615635179
1.754867149648151,0.5830618892508144,0.7100977198697068,0.5635179153094463,0.4788273615635179
1.7711210643450879,0.5830618892508144,0.7133550488599348,0.5635179153094463,0.4788273615635179
1.787525525904235,0.5895765472312704,0.7198697068403909,0.5635179153094463,0.4820846905537459
1.8040819287193828,0.5895765472312704,0.7231270358306189,0.5635179153094463,0.48859934853420195
1.820791680099463,0.5928338762214984,0.7231270358306189,0.5700325732899023,0.495114006514658
1.8376562003881711,0.6026058631921825,0.7231270358306189,0.5700325732899023,0.498371335504886
1.8546769230846987,0.6026058631921825,0.7231270358306189,0.5700325732899023,0.498371335504886
1.8718552949655787,0.6058631921824105,0.7328990228013029,0.5765472312703583,0.501628664495114
1.8891927762076663,0.6123778501628665,0.7328990228013029,0.5830618892508144,0.504885993485342
1.9066908405122525,0.6123778501628665,0.7361563517915309,0.5830618892508144,0.50814332247557
1.924350975230331,0.6123778501628665,0.739413680781759,0.5863192182410424,0.50814332247557
1.9421746814890257,0.6156351791530945,0.745928338762215,0.5895765472312704,0.50814332247557
1.9601634743191854,0.6221498371335505,0.745928338762215,0.5928338762214984,0.50814332247557
1.9783188827841642,0.6254071661237784,0.745928338762215,0.6026058631921825,0.511400651465798
1.996642450109794,0.6254071661237784,0.745928338762215,0.6026058631921825,0.511400651465798
2.0151357338155576,0.6254071661237784,0.745928338762215,0.6026058631921825,0.5146579804560261
2.0338003058469813,0.6286644951140065,0.745928338762215,0.6058631921824105,0.5146579804560261
2.052637752709252,0.6319218241042345,0.745928338762215,0.6123778501628665,0.5146579804560261
2.071649675602069,0.6319218241042345,0.745928338762215,0.6156351791530945,0.5146579804560261
2.0908376905557504,0.6416938110749185,0.745928338762215,0.6188925081433225,0.5179153094462541
2.1102034285685956,0.6449511400651465,0.745928338762215,0.6286644951140065,0.5179153094462541
2.12974853574552,0.6449511400651465,0.752442996742671,0.6319218241042345,0.5211726384364821
2.14947467343798,0.6482084690553745,0.752442996742671,0.6384364820846905,0.5211726384364821
2.1693835183851844,0.6514657980456026,0.755700325732899,0.6384364820846905,0.5244299674267101
2.1894767628566214,0.6514657980456026,0.762214983713355,0.6384364820846905,0.5276872964169381
2.209756114795902,0.6547231270358306,0.7654723127035831,0.6416938110749185,0.5276872964169381
2.2302232979659378,0.6579804560260586,0.7687296416938111,0.6449511400651465,0.5276872964169381
2.2508800520954613,0.6677524429967426,0.7719869706840391,0.6449511400651465,0.5276872964169381
2.2717281330269055,0.6677524429967426,0.7719869706840391,0.6482084690553745,0.5276872964169381
2.2927693128656492,0.6710097719869706,0.7719869706840391,0.6482084690553745,0.5276872964169381
2.314005380130653,0.6710097719869706,0.7719869706840391,0.6482084690553745,0.5276872964169381
2.3354381399064787,0.6742671009771987,0.7752442996742671,0.6514657980456026,0.5342019543973942
2.3570694139967276,0.6742671009771987,0.7817589576547231,0.6547231270358306,0.5342019543973942
2.3789010410788936,0.6807817589576547,0.7850162866449512,0.6579804560260586,0.5342019543973942
2.4009348768606524,0.6872964169381107,0.7882736156351792,0.6579804560260586,0.5374592833876222
2.4231727942375993,0.6872964169381107,0.7915309446254072,0.6579804560260586,0.5374592833876222
2.445616683452446,0.6905537459283387,0.7915309446254072,0.6612377850162866,0.5374592833876222
2.468268452255692,0.7003257328990228,0.7947882736156352,0.6677524429967426,0.5374592833876222
2.491130026067789,0.7035830618892508,0.7947882736156352,0.6742671009771987,0.5374592833876222
2.5142033481427974,0.7068403908794788,0.7980456026058632,0.6775244299674267,0.5407166123778502
2.5374903797335704,0.7100977198697068,0.7980456026058632,0.6807817589576547,0.5407166123778502
2.5609931002584587,0.7133550488599348,0.8013029315960912,0.6872964169381107,0.5407166123778502
2.5847135074695635,0.7198697068403909,0.8045602605863192,0.6970684039087948,0.5472312703583062
2.608653617622548,0.7231270358306189,0.8045602605863192,0.6970684039087948,0.5504885993485342
2.632815465648021,0.7263843648208469,0.8045602605863192,0.7035830618892508,0.5537459283387622
2.6572011053245053,0.7263843648208469,0.8045602605863192,0.7068403908794788,0.5537459283387622
2.681812609453015,0.7263843648208469,0.8078175895765473,0.7068403908794788,0.5537459283387622
2.7066520700332415,0.7263843648208469,0.8110749185667753,0.7068403908794788,0.5537459283387622
2.7317215984413767,0.7263843648208469,0.8143322475570033,0.7133550488599348,0.5570032573289903
2.7570233256095835,0.7263843648208469,0.8175895765472313,0.7133550488599348,0.5570032573289903
2.7825594022071245,0.7263843648208469,0.8208469055374593,0.7166123778501629,0.5570032573289903
2.808331998823172,0.7296416938110749,0.8208469055374593,0.7198697068403909,0.5570032573289903
2.8343433061513092,0.7296416938110749,0.8208469055374593,0.7296416938110749,0.5602605863192183
2.8605955351757424,0.7328990228013029,0.8273615635179153,0.7296416938110749,0.5602605863192183
2.887090917359236,0.7328990228013029,0.8338762214983714,0.7296416938110749,0.5602605863192183
2.9138317048327873,0.7328990228013029,0.8371335504885994,0.7328990228013029,0.5602605863192183
2.940820170587063,0.7361563517915309,0.8403908794788274,0.7361563517915309,0.5635179153094463
2.9680586086656024,0.7361563517915309,0.8403908794788274,0.742671009771987,0.5635179153094463
2.9955493343598136,0.739413680781759,0.8469055374592834,0.742671009771987,0.5667752442996743
3.0232946844057773,0.742671009771987,0.8469055374592834,0.742671009771987,0.5700325732899023
3.0512970171828697,0.742671009771987,0.8469055374592834,0.749185667752443,0.5700325732899023
3.079558712914226,0.745928338762215,0.8469055374592834,0.749185667752443,0.5700325732899023
3.108082173869064,0.752442996742671,0.8469055374592834,0.749185667752443,0.5700325732899023
3.1368698245668774,0.755700325732899,0.8469055374592834,0.755700325732899,0.5732899022801303
3.1659241119835224,0.755700325732899,0.8469055374592834,0.755700325732899,0.5732899022801303
3.195247505759212,0.758957654723127,0.8469055374592834,0.755700325732899,0.5732899022801303
3.2248424984084414,0.762214983713355,0.8469055374592834,0.758957654723127,0.5765472312703583
3.254711605531848,0.762214983713355,0.8469055374592834,0.762214983713355,0.5798045602605864
3.2848573660300446,0.762214983713355,0.8501628664495114,0.7654723127035831,0.5798045602605864
3.315282342319425,0.762214983713355,0.8501628664495114,0.7654723127035831,0.5798045602605864
3.345989120549973,0.7654723127035831,0.8501628664495114,0.7687296416938111,0.5798045602605864
3.3769803108250906,0.7654723127035831,0.8501628664495114,0.7719869706840391,0.5798045602605864
3.408258547423452,0.7687296416938111,0.8501628664495114,0.7719869706840391,0.5798045602605864
3.4398264890229253,0.7719869706840391,0.8501628664495114,0.7785016286644951,0.5798045602605864
3.4716868189265613,0.7752442996742671,0.8534201954397395,0.7817589576547231,0.5798045602605864
3.503842245290674,0.7785016286644951,0.8566775244299675,0.7850162866449512,0.5830618892508144
3.536295501355042,0.7785016286644951,0.8566775244299675,0.7850162866449512,0.5830618892508144
3.5690493456752295,0.7817589576547231,0.8566775244299675,0.7850162866449512,0.5830618892508144
3.602106562357071,0.7817589576547231,0.8566775244299675,0.7882736156351792,0.5830618892508144
3.6354699612933197,0.7882736156351792,0.8566775244299675,0.7882736156351792,0.5863192182410424
3.6691423784024932,0.7882736156351792,0.8566775244299675,0.7915309446254072,0.5863192182410424
3.703126675869926,0.7882736156351792,0.8599348534201955,0.7980456026058632,0.5863192182410424
3.737425742391064,0.7882736156351792,0.8631921824104235,0.7980456026058632,0.5863192182410424
3.7720424934169983,0.7947882736156352,0.8664495114006515,0.7980456026058632,0.5863192182410424
3.806979871402286,0.7980456026058632,0.8664495114006515,0.7980456026058632,0.5863192182410424
3.84224084605506,0.7980456026058632,0.8762214983713354,0.8013029315960912,0.5863192182410424
3.877828414589456,0.8013029315960912,0.8762214983713354,0.8045602605863192,0.5895765472312704
3.913745601980384,0.8013029315960912,0.8762214983713354,0.8045602605863192,0.5895765472312704
3.949995461220644,0.8045602605863192,0.8762214983713354,0.8078175895765473,0.5895765472312704
3.986581073580441,0.8045602605863192,0.8762214983713354,0.8078175895765473,0.5895765472312704
4.023505548869292,0.8045602605863192,0.8762214983713354,0.8110749185667753,0.5895765472312704
4.060772025700365,0.8078175895765473,0.8762214983713354,0.8110749185667753,0.5895765472312704
4.0983836717572615,0.8078175895765473,0.8762214983713354,0.8143322475570033,0.5895765472312704
4.136343684063275,0.8078175895765473,0.8762214983713354,0.8143322475570033,0.5928338762214984
4.174655289253137,0.8078175895765473,0.8762214983713354,0.8208469055374593,0.5960912052117264
4.213321743847288,0.8078175895765473,0.8762214983713354,0.8208469055374593,0.5960912052117264
4.252346334528682,0.8078175895765473,0.8762214983713354,0.8208469055374593,0.5960912052117264
4.291732378422157,0.8078175895765473,0.8794788273615635,0.8273615635179153,0.5960912052117264
4.3314832233764,0.8110749185667753,0.8827361563517915,0.8273615635179153,0.5993485342019544
4.371602248248505,0.8143322475570033,0.8827361563517915,0.8273615635179153,0.5993485342019544
4.412092863191189,0.8143322475570033,0.8827361563517915,0.8273615635179153,0.6058631921824105
4.452958509942655,0.8143322475570033,0.8827361563517915,0.8338762214983714,0.6091205211726385
4.494202662119142,0.8143322475570033,0.8859934853420195,0.8338762214983714,0.6091205211726385
4.535828825510188,0.8143322475570033,0.8892508143322475,0.8338762214983714,0.6091205211726385
4.577840538376619,0.8143322475570033,0.8892508143322475,0.8371335504885994,0.6091205211726385
4.6202413717513116,0.8143322475570033,0.8892508143322475,0.8371335504885994,0.6123778501628665
4.663034929742731,0.8175895765472313,0.8925081433224755,0.8403908794788274,0.6123778501628665
4.7062248498412815,0.8175895765472313,0.8925081433224755,0.8403908794788274,0.6123778501628665
4.749814803228501,0.8208469055374593,0.8925081433224755,0.8436482084690554,0.6156351791530945
4.79380849508911,0.8241042345276873,0.8925081433224755,0.8436482084690554,0.6156351791530945
4.838209664925956,0.8241042345276873,0.8957654723127035,0.8469055374592834,0.6156351791530945
4.8830220868778795,0.8241042345276873,0.8957654723127035,0.8469055374592834,0.6188925081433225
4.9282495700405144,0.8241042345276873,0.8957654723127035,0.8469055374592834,0.6188925081433225
4.973895958790064,0.8241042345276873,0.8957654723127035,0.8469055374592834,0.6188925081433225
5.019965133110082,0.8241042345276873,0.8957654723127035,0.8469055374592834,0.6188925081433225
5.066461008921268,0.8241042345276873,0.8957654723127035,0.8469055374592834,0.6188925081433225
5.113387538414326,0.8273615635179153,0.8957654723127035,0.8469055374592834,0.6188925081433225
5.160748710385909,0.8273615635179153,0.8957654723127035,0.8534201954397395,0.6188925081433225
5.208548550577661,0.8273615635179153,0.8990228013029316,0.8534201954397395,0.6221498371335505
5.256791122018422,0.8273615635179153,0.8990228013029316,0.8534201954397395,0.6254071661237784
5.305480525369573,0.8273615635179153,0.9055374592833876,0.8534201954397395,0.6254071661237784
5.354620899273607,0.8273615635179153,0.9087947882736156,0.8534201954397395,0.6254071661237784
5.404216420705916,0.8273615635179153,0.9087947882736156,0.8534201954397395,0.6254071661237784
5.454271305329834,0.8273615635179153,0.9087947882736156,0.8534201954397395,0.6254071661237784
5.50478980785497,0.8306188925081434,0.9087947882736156,0.8566775244299675,0.6254071661237784
5.555776222398876,0.8306188925081434,0.9087947882736156,0.8566775244299675,0.6254071661237784
5.607234882852032,0.8306188925081434,0.9087947882736156,0.8566775244299675,0.6254071661237784
5.659170163246244,0.8306188925081434,0.9087947882736156,0.8566775244299675,0.6286644951140065
5.711586478126432,0.8306188925081434,0.9120521172638436,0.8566775244299675,0.6286644951140065
5.764488282925877,0.8306188925081434,0.9120521172638436,0.8566775244299675,0.6319218241042345
5.8178800743449335,0.8371335504885994,0.9120521172638436,0.8566775244299675,0.6319218241042345
5.871766390733256,0.8371335504885994,0.9120521172638436,0.8566775244299675,0.6319218241042345
5.926151812475554,0.8403908794788274,0.9120521172638436,0.8566775244299675,0.6319218241042345
5.981040962380941,0.8436482084690554,0.9120521172638436,0.8566775244299675,0.6319218241042345
6.036438506075867,0.8436482084690554,0.9120521172638436,0.8566775244299675,0.6319218241042345
6.09234915240071,0.8436482084690554,0.9120521172638436,0.8631921824104235,0.6319218241042345
6.148777653810023,0.8436482084690554,0.9120521172638436,0.8631921824104235,0.6319218241042345
6.205728806776502,0.8436482084690554,0.9120521172638436,0.8631921824104235,0.6319218241042345
6.26320745219869,0.8469055374592834,0.9120521172638436,0.8697068403908795,0.6351791530944625
6.321218475812452,0.8469055374592834,0.9153094462540716,0.8697068403908795,0.6351791530944625
6.379766808606281,0.8501628664495114,0.9153094462540716,0.8697068403908795,0.6351791530944625
6.4388574272404195,0.8501628664495114,0.9153094462540716,0.8697068403908795,0.6351791530944625
6.49849535446989,0.8534201954397395,0.9153094462540716,0.8697068403908795,0.6384364820846905
6.558685659571432,0.8534201954397395,0.9153094462540716,0.8697068403908795,0.6384364820846905
6.619433458774393,0.8534201954397395,0.9153094462540716,0.8729641693811075,0.6384364820846905
6.680743915695613,0.8534201954397395,0.9185667752442996,0.8729641693811075,0.6384364820846905
6.742622241778342,0.8534201954397395,0.9185667752442996,0.8729641693811075,0.6384364820846905
6.805073696735208,0.8566775244299675,0.9218241042345277,0.8729641693811075,0.6384364820846905
6.868103588995304,0.8566775244299675,0.9250814332247557,0.8729641693811075,0.6384364820846905
6.931717276155406,0.8566775244299675,0.9250814332247557,0.8729641693811075,0.6384364820846905
6.995920165435373,0.8599348534201955,0.9250814332247557,0.8762214983713354,0.6416938110749185
7.060717714137773,0.8664495114006515,0.9250814332247557,0.8762214983713354,0.6416938110749185
7.1261154301117475,0.8664495114006515,0.9250814332247557,0.8827361563517915,0.6416938110749185
7.192118872221189,0.8664495114006515,0.9250814332247557,0.8827361563517915,0.6449511400651465
7.258733650817251,0.8664495114006515,0.9250814332247557,0.8827361563517915,0.6482084690553745
7.3259654282152304,0.8664495114006515,0.9250814332247557,0.8827361563517915,0.6482084690553745
7.393819919175866,0.8664495114006515,0.9250814332247557,0.8859934853420195,0.6482084690553745
7.46230289139111,0.8697068403908795,0.9250814332247557,0.8859934853420195,0.6482084690553745
7.531420165974372,0.8729641693811075,0.9250814332247557,0.8859934853420195,0.6482084690553745
7.6011776179553285,0.8729641693811075,0.9250814332247557,0.8859934853420195,0.6482084690553745
7.671581176779302,0.8729641693811075,0.9250814332247557,0.8859934853420195,0.6482084690553745
7.742636826811269,0.8762214983713354,0.9250814332247557,0.8859934853420195,0.6514657980456026
7.814350607844544,0.8794788273615635,0.9250814332247557,0.8859934853420195,0.6514657980456026
7.886728615614152,0.8794788273615635,0.9250814332247557,0.8859934853420195,0.6547231270358306
7.959777002314984,0.8794788273615635,0.9250814332247557,0.8859934853420195,0.6579804560260586
8.033501977124734,0.8794788273615635,0.9250814332247557,0.8859934853420195,0.6579804560260586
8.107909806731687,0.8827361563517915,0.9283387622149837,0.8892508143322475,0.6579804560260586
8.183006815867392,0.8827361563517915,0.9315960912052117,0.8892508143322475,0.6579804560260586
8.258799387844268,0.8859934853420195,0.9315960912052117,0.8892508143322475,0.6579804560260586
8.335293965098193,0.8859934853420195,0.9348534201954397,0.8925081433224755,0.6612377850162866
8.412497049736118,0.8859934853420195,0.9348534201954397,0.8957654723127035,0.6612377850162866
8.490415204088746,0.8925081433224755,0.9348534201954397,0.8957654723127035,0.6612377850162866
8.56905505126835,0.8925081433224755,0.9348534201954397,0.8957654723127035,0.6612377850162866
8.648423275731723,0.8925081433224755,0.9348534201954397,0.8957654723127035,0.6612377850162866
8.728526623848378,0.8925081433224755,0.9348534201954397,0.8957654723127035,0.6612377850162866
8.809371904473991,0.8925081433224755,0.9348534201954397,0.8957654723127035,0.6612377850162866
8.89096598952916,0.8925081433224755,0.9348534201954397,0.8957654723127035,0.6612377850162866
8.973315814583522,0.8925081433224755,0.9348534201954397,0.8957654723127035,0.6612377850162866
9.05642837944529,0.8957654723127035,0.9348534201954397,0.8957654723127035,0.6644951140065146
9.14031074875623,0.8957654723127035,0.9348534201954397,0.8957654723127035,0.6677524429967426
9.224970052592175,0.8957654723127035,0.9381107491856677,0.8957654723127035,0.6677524429967426
9.310413487069077,0.8957654723127035,0.9413680781758957,0.8990228013029316,0.6710097719869706
9.396648314954692,0.8957654723127035,0.9413680781758957,0.8990228013029316,0.6742671009771987
9.483681866285922,0.8957654723127035,0.9413680781758957,0.8990228013029316,0.6775244299674267
9.571521538991863,0.8957654723127035,0.9413680781758957,0.8990228013029316,0.6775244299674267
9.660174799522645,0.8957654723127035,0.9413680781758957,0.8990228013029316,0.6775244299674267
9.749649183484088,0.8990228013029316,0.9413680781758957,0.8990228013029316,0.6775244299674267
9.83995229627823,0.8990228013029316,0.9413680781758957,0.8990228013029316,0.6775244299674267
9.931091813749795,0.8990228013029316,0.9413680781758957,0.8990228013029316,0.6775244299674267
10.023075482838655,0.9022801302931596,0.9413680781758957,0.8990228013029316,0.6775244299674267
10.115911122238298,0.9022801302931596,0.9413680781758957,0.8990228013029316,0.6775244299674267
10.209606623060465,0.9022801302931596,0.9413680781758957,0.8990228013029316,0.6775244299674267
10.30416994950588,0.9022801302931596,0.9413680781758957,0.8990228013029316,0.6775244299674267
10.399609139541198,0.9055374592833876,0.9413680781758957,0.8990228013029316,0.6775244299674267
10.495932305582278,0.9055374592833876,0.9413680781758957,0.8990228013029316,0.6807817589576547
10.5931476351837,0.9055374592833876,0.9413680781758957,0.8990228013029316,0.6807817589576547
10.691263391734761,0.9055374592833876,0.9413680781758957,0.8990228013029316,0.6807817589576547
10.79028791516184,0.9055374592833876,0.9413680781758957,0.8990228013029316,0.6807817589576547
10.8902296226373,0.9055374592833876,0.9413680781758957,0.8990228013029316,0.6807817589576547
10.991097009294972,0.9055374592833876,0.9413680781758957,0.8990228013029316,0.6807817589576547
11.092898648952227,0.9055374592833876,0.9413680781758957,0.8990228013029316,0.6807817589576547
11.195643194838782,0.9055374592833876,0.9413680781758957,0.8990228013029316,0.6807817589576547
11.299339380332222,0.9055374592833876,0.9413680781758957,0.8990228013029316,0.6807817589576547
11.403996019700324,0.9055374592833876,0.9413680781758957,0.8990228013029316,0.6840390879478827
11.509622008850323,0.9055374592833876,0.9413680781758957,0.8990228013029316,0.6840390879478827
11.616226326085018,0.9055374592833876,0.9413680781758957,0.9022801302931596,0.6840390879478827
11.723818032865985,0.9055374592833876,0.9413680781758957,0.9022801302931596,0.6840390879478827
11.832406274583786,0.9055374592833876,0.9413680781758957,0.9055374592833876,0.6905537459283387
11.94200028133532,0.9055374592833876,0.9413680781758957,0.9055374592833876,0.6905537459283387
12.052609368708426,0.9087947882736156,0.9413680781758957,0.9055374592833876,0.6905537459283387
12.164242938573679,0.9087947882736156,0.9413680781758957,0.9055374592833876,0.6905537459283387
12.276910479883592,0.9087947882736156,0.9413680781758957,0.9055374592833876,0.6905537459283387
12.390621569479162,0.9087947882736156,0.9413680781758957,0.9055374592833876,0.6905537459283387
12.505385872903908,0.9087947882736156,0.9413680781758957,0.9055374592833876,0.6905537459283387
12.621213145225473,0.9087947882736156,0.9413680781758957,0.9055374592833876,0.6905537459283387
12.738113231864785,0.9087947882736156,0.9413680781758957,0.9055374592833876,0.6905537459283387
12.856096069432958,0.9087947882736156,0.9413680781758957,0.9055374592833876,0.6905537459283387
12.975171686575875,0.9087947882736156,0.9413680781758957,0.9087947882736156,0.6938110749185668
13.095350204826671,0.9087947882736156,0.9413680781758957,0.9087947882736156,0.6970684039087948
13.216641839466051,0.9087947882736156,0.9413680781758957,0.9120521172638436,0.7003257328990228
13.339056900390586,0.9087947882736156,0.9413680781758957,0.9153094462540716,0.7035830618892508
13.462605792989104,0.9120521172638436,0.9413680781758957,0.9153094462540716,0.7035830618892508
13.587299019027098,0.9120521172638436,0.9413680781758957,0.9153094462540716,0.7035830618892508
13.71314717753945,0.9120521172638436,0.9413680781758957,0.9153094462540716,0.7035830618892508
13.840160965731316,0.9120521172638436,0.9446254071661238,0.9153094462540716,0.7068403908794788
13.968351179887398,0.9120521172638436,0.9446254071661238,0.9153094462540716,0.7068403908794788
14.09772871628967,0.9120521172638436,0.9446254071661238,0.9185667752442996,0.7068403908794788
14.228304572143527,0.9120521172638436,0.9446254071661238,0.9185667752442996,0.7068403908794788
14.360089846512599,0.9120521172638436,0.9446254071661238,0.9185667752442996,0.7068403908794788
14.493095741262167,0.9120521172638436,0.9446254071661238,0.9185667752442996,0.7068403908794788
14.627333562011298,0.9120521172638436,0.9446254071661238,0.9185667752442996,0.7100977198697068
14.762814719093903,0.9120521172638436,0.9446254071661238,0.9185667752442996,0.7100977198697068
14.899550728528544,0.9120521172638436,0.9446254071661238,0.9185667752442996,0.7100977198697068
15.037553212997377,0.9153094462540716,0.9446254071661238,0.9185667752442996,0.7133550488599348
15.176833902834053,0.9153094462540716,0.9446254071661238,0.9185667752442996,0.7166123778501629
15.317404637020799,0.9153094462540716,0.9446254071661238,0.9185667752442996,0.7166123778501629
15.459277364194778,0.9153094462540716,0.9446254071661238,0.9185667752442996,0.7166123778501629
15.602464143663688,0.9153094462540716,0.9446254071661238,0.9185667752442996,0.7166123778501629
15.74697714643086,0.9153094462540716,0.9478827361563518,0.9185667752442996,0.7231270358306189
15.89282865622978,0.9153094462540716,0.9478827361563518,0.9185667752442996,0.7263843648208469
16.0400310705682,0.9153094462540716,0.9478827361563518,0.9185667752442996,0.7296416938110749
16.188596901781985,0.9153094462540716,0.9478827361563518,0.9185667752442996,0.7296416938110749
16.338538778098613,0.9153094462540716,0.9478827361563518,0.9185667752442996,0.7328990228013029
16.48986944471065,0.9153094462540716,0.9478827361563518,0.9185667752442996,0.7328990228013029
16.642601764859037,0.9153094462540716,0.9511400651465798,0.9185667752442996,0.7328990228013029
16.79674872092653,0.9153094462540716,0.9511400651465798,0.9218241042345277,0.7328990228013029
16.952323415541205,0.9153094462540716,0.9511400651465798,0.9218241042345277,0.7361563517915309
17.109339072690144,0.9153094462540716,0.9511400651465798,0.9218241042345277,0.7361563517915309
17.26780903884356,0.9153094462540716,0.9511400651465798,0.9218241042345277,0.7361563517915309
17.42774678408919,0.9153094462540716,0.9511400651465798,0.9218241042345277,0.7361563517915309
17.589165903277326,0.9153094462540716,0.9511400651465798,0.9218241042345277,0.7361563517915309
17.75208011717635,0.9153094462540716,0.9511400651465798,0.9218241042345277,0.7361563517915309
17.916503273639005,0.9153094462540716,0.9511400651465798,0.9218241042345277,0.7361563517915309
18.082449348779516,0.9185667752442996,0.9511400651465798,0.9218241042345277,0.739413680781759
18.249932448161523,0.9185667752442996,0.9511400651465798,0.9218241042345277,0.739413680781759
18.41896680799711,0.9185667752442996,0.9511400651465798,0.9218241042345277,0.739413680781759
18.589566796356873,0.9185667752442996,0.9511400651465798,0.9218241042345277,0.739413680781759
18.761746914391203,0.9185667752442996,0.9511400651465798,0.9218241042345277,0.739413680781759
18.935521797562952,0.9218241042345277,0.9543973941368078,0.9250814332247557,0.739413680781759
19.11090621689138,0.9218241042345277,0.9543973941368078,0.9250814332247557,0.739413680781759
19.287915080207778,0.9218241042345277,0.9543973941368078,0.9250814332247557,0.739413680781759
19.46656343342262,0.9218241042345277,0.9543973941368078,0.9250814332247557,0.745928338762215
19.646866461804457,0.9218241042345277,0.9543973941368078,0.9250814332247557,0.745928338762215
19.828839491270713,0.9218241042345277,0.9543973941368078,0.9250814332247557,0.749185667752443
20.01249798969037,0.9218241042345277,0.9543973941368078,0.9250814332247557,0.749185667752443
20.197857568198785,0.9218241042345277,0.9576547231270358,0.9250814332247557,0.749185667752443
20.384933982524633,0.9218241042345277,0.9576547231270358,0.9250814332247557,0.749185667752443
20.573743134329128,0.9250814332247557,0.9576547231270358,0.9250814332247557,0.749185667752443
20.764301072557746,0.9250814332247557,0.9576547231270358,0.9250814332247557,0.749185667752443
20.95662399480433,0.9250814332247557,0.9576547231270358,0.9250814332247557,0.749185667752443
21.150728248687948,0.9250814332247557,0.9576547231270358,0.9250814332247557,0.752442996742671
21.346630333242445,0.9283387622149837,0.9576547231270358,0.9250814332247557,0.752442996742671
21.544346900318832,0.9283387622149837,0.9576547231270358,0.9250814332247557,0.755700325732899
21.7438947560008,0.9283387622149837,0.9576547231270358,0.9250814332247557,0.755700325732899
21.945290862033136,0.9283387622149837,0.9576547231270358,0.9250814332247557,0.758957654723127
22.14855233726359,0.9283387622149837,0.9609120521172638,0.9250814332247557,0.758957654723127
22.353696459097954,0.9283387622149837,0.9609120521172638,0.9250814332247557,0.758957654723127
22.560740664968602,0.9283387622149837,0.9609120521172638,0.9250814332247557,0.758957654723127
22.7697025538168,0.9283387622149837,0.9609120521172638,0.9250814332247557,0.758957654723127
22.98059988758851,0.9283387622149837,0.9609120521172638,0.9250814332247557,0.758957654723127
23.193450592744288,0.9283387622149837,0.9609120521172638,0.9250814332247557,0.758957654723127
23.408272761782932,0.9283387622149837,0.9609120521172638,0.9250814332247557,0.758957654723127
23.625084654779464,0.9283387622149837,0.9609120521172638,0.9250814332247557,0.762214983713355
23.843904700937205,0.9283387622149837,0.9609120521172638,0.9250814332247557,0.762214983713355
24.06475150015424,0.9283387622149837,0.9609120521172638,0.9283387622149837,0.762214983713355
24.287643824604515,0.9283387622149837,0.9609120521172638,0.9283387622149837,0.7654723127035831
24.512600620333387,0.9283387622149837,0.9609120521172638,0.9283387622149837,0.7654723127035831
24.73964100886813,0.9283387622149837,0.9609120521172638,0.9283387622149837,0.7654723127035831
24.968784288843267,0.9315960912052117,0.9641693811074918,0.9315960912052117,0.7654723127035831
25.200049937640923,0.9315960912052117,0.9641693811074918,0.9315960912052117,0.7654723127035831
25.433457613046496,0.9315960912052117,0.9641693811074918,0.9315960912052117,0.7654723127035831
25.669027154919505,0.9315960912052117,0.9641693811074918,0.9315960912052117,0.7687296416938111
25.906778586880076,0.9315960912052117,0.9641693811074918,0.9315960912052117,0.7687296416938111
26.14673211801092,0.9315960912052117,0.9641693811074918,0.9315960912052117,0.7687296416938111
26.388908144575105,0.9348534201954397,0.9641693811074918,0.9315960912052117,0.7687296416938111
26.633327251749822,0.9348534201954397,0.9641693811074918,0.9315960912052117,0.7752442996742671
26.88001021537606,0.9348534201954397,0.9641693811074918,0.9315960912052117,0.7752442996742671
27.128978003724658,0.9348534201954397,0.9641693811074918,0.9315960912052117,0.7752442996742671
27.380251779278577,0.9348534201954397,0.9641693811074918,0.9315960912052117,0.7752442996742671
27.6338529005317,0.9348534201954397,0.9641693811074918,0.9315960912052117,0.7752442996742671
27.88980292380441,0.9348534201954397,0.9674267100977199,0.9348534201954397,0.7752442996742671
28.1481236050758,0.9348534201954397,0.9674267100977199,0.9381107491856677,0.7817589576547231
28.408836901833027,0.9348534201954397,0.9674267100977199,0.9413680781758957,0.7817589576547231
28.671964974937698,0.9348534201954397,0.9674267100977199,0.9413680781758957,0.7817589576547231
28.937530190509502,0.9348534201954397,0.9674267100977199,0.9413680781758957,0.7817589576547231
29.205555121827466,0.9381107491856677,0.9674267100977199,0.9413680781758957,0.7817589576547231
29.47606255124857,0.9381107491856677,0.9674267100977199,0.9446254071661238,0.7817589576547231
29.749075472144405,0.9381107491856677,0.9674267100977199,0.9446254071661238,0.7817589576547231
30.024617090855493,0.9381107491856677,0.9674267100977199,0.9446254071661238,0.7817589576547231
30.30271082866396,0.9381107491856677,0.9674267100977199,0.9446254071661238,0.7817589576547231
30.583380323784333,0.9381107491856677,0.9674267100977199,0.9446254071661238,0.7817589576547231
30.86664943337273,0.9381107491856677,0.9674267100977199,0.9478827361563518,0.7817589576547231
31.15254223555488,0.9381107491856677,0.9674267100977199,0.9511400651465798,0.7817589576547231
31.441083031472647,0.9381107491856677,0.9674267100977199,0.9511400651465798,0.7817589576547231
31.732296347349763,0.9381107491856677,0.9674267100977199,0.9511400651465798,0.7850162866449512
32.02620693657652,0.9381107491856677,0.9674267100977199,0.9511400651465798,0.7850162866449512
32.32283978181379,0.9381107491856677,0.9674267100977199,0.9543973941368078,0.7850162866449512
32.622220097116696,0.9381107491856677,0.9674267100977199,0.9543973941368078,0.7850162866449512
32.924373330077685,0.9381107491856677,0.9674267100977199,0.9543973941368078,0.7850162866449512
33.229325163989714,0.9413680781758957,0.9674267100977199,0.9543973941368078,0.7850162866449512
33.5371015200293,0.9413680781758957,0.9674267100977199,0.9543973941368078,0.7850162866449512
33.84772855945981,0.9413680781758957,0.9674267100977199,0.9543973941368078,0.7850162866449512
34.16123268585528,0.9413680781758957,0.9674267100977199,0.9543973941368078,0.7850162866449512
34.47764054734464,0.9413680781758957,0.9674267100977199,0.9543973941368078,0.7850162866449512
34.79697903887691,0.9413680781758957,0.9674267100977199,0.9543973941368078,0.7882736156351792
35.1192753045073,0.9413680781758957,0.9674267100977199,0.9543973941368078,0.7915309446254072
35.44455673970434,0.9413680781758957,0.9674267100977199,0.9543973941368078,0.7915309446254072
35.77285099367874,0.9413680781758957,0.9674267100977199,0.9543973941368078,0.7915309446254072
36.10418597173337,0.9413680781758957,0.9674267100977199,0.9543973941368078,0.7915309446254072
36.43858983763545,0.9413680781758957,0.9674267100977199,0.9543973941368078,0.7947882736156352
36.77609101601033,0.9413680781758957,0.9674267100977199,0.9543973941368078,0.7947882736156352
37.11671819475765,0.9413680781758957,0.9706840390879479,0.9543973941368078,0.7947882736156352
37.46050032748993,0.9413680781758957,0.9706840390879479,0.9543973941368078,0.7980456026058632
37.80746663599349,0.9446254071661238,0.9739413680781759,0.9576547231270358,0.7980456026058632
38.15764661271248,0.9446254071661238,0.9739413680781759,0.9576547231270358,0.8078175895765473
38.511070023255705,0.9446254071661238,0.9739413680781759,0.9576547231270358,0.8078175895765473
38.867766908926654,0.9446254071661238,0.9739413680781759,0.9576547231270358,0.8078175895765473
39.22776758927719,0.9446254071661238,0.9739413680781759,0.9576547231270358,0.8078175895765473
39.591102664684584,0.9446254071661238,0.9739413680781759,0.9576547231270358,0.8078175895765473
39.957803018952696,0.9446254071661238,0.9739413680781759,0.9576547231270358,0.8078175895765473
40.32789982193707,0.9446254071661238,0.9739413680781759,0.9576547231270358,0.8078175895765473
40.701424532194366,0.9446254071661238,0.9739413680781759,0.9576547231270358,0.8078175895765473
41.078408899656466,0.9446254071661238,0.9739413680781759,0.9576547231270358,0.8110749185667753
41.45888496832911,0.9446254071661238,0.9739413680781759,0.9576547231270358,0.8110749185667753
41.84288507901582,0.9446254071661238,0.9739413680781759,0.9576547231270358,0.8143322475570033
42.23044187206674,0.9446254071661238,0.9739413680781759,0.9576547231270358,0.8143322475570033
42.62158829015323,0.9446254071661238,0.9739413680781759,0.9609120521172638,0.8175895765472313
43.01635758106795,0.9446254071661238,0.9771986970684039,0.9609120521172638,0.8175895765472313
43.41478330055092,0.9446254071661238,0.9771986970684039,0.9609120521172638,0.8208469055374593
43.816899315141924,0.9446254071661238,0.9771986970684039,0.9609120521172638,0.8273615635179153
44.22273980505899,0.9446254071661238,0.9771986970684039,0.9609120521172638,0.8273615635179153
44.63233926710395,0.9446254071661238,0.9771986970684039,0.9609120521172638,0.8273615635179153
45.04573251759459,0.9446254071661238,0.9771986970684039,0.9609120521172638,0.8338762214983714
45.462954695323994,0.9446254071661238,0.9771986970684039,0.9609120521172638,0.8338762214983714
45.88404126454759,0.9446254071661238,0.9771986970684039,0.9609120521172638,0.8338762214983714
46.30902801799739,0.9511400651465798,0.9771986970684039,0.9609120521172638,0.8371335504885994
46.73795107992461,0.9511400651465798,0.9771986970684039,0.9609120521172638,0.8403908794788274
47.17084690917017,0.9511400651465798,0.9771986970684039,0.9641693811074918,0.8403908794788274
47.607752302263684,0.9511400651465798,0.9771986970684039,0.9641693811074918,0.8436482084690554
48.048704396551315,0.9511400651465798,0.9804560260586319,0.9641693811074918,0.8436482084690554
48.493740673352356,0.9511400651465798,0.9804560260586319,0.9641693811074918,0.8436482084690554
48.94289896114529,0.9511400651465798,0.9804560260586319,0.9641693811074918,0.8436482084690554
49.396217438783204,0.9511400651465798,0.9804560260586319,0.9641693811074918,0.8436482084690554
49.853734638738935,0.9511400651465798,0.9804560260586319,0.9641693811074918,0.8436482084690554
50.31548945038054,0.9511400651465798,0.9804560260586319,0.9641693811074918,0.8436482084690554
50.78152112327673,0.9511400651465798,0.9804560260586319,0.9641693811074918,0.8436482084690554
51.2518692705333,0.9511400651465798,0.9804560260586319,0.9641693811074918,0.8436482084690554
51.72657387216019,0.9511400651465798,0.9804560260586319,0.9641693811074918,0.8469055374592834
52.205675278469755,0.9511400651465798,0.9804560260586319,0.9641693811074918,0.8469055374592834
52.689214213506744,0.9511400651465798,0.9804560260586319,0.9641693811074918,0.8469055374592834
53.17723177850969,0.9511400651465798,0.9804560260586319,0.9674267100977199,0.8469055374592834
53.66976945540476,0.9511400651465798,0.9804560260586319,0.9674267100977199,0.8469055374592834
54.16686911033152,0.9511400651465798,0.9804560260586319,0.9674267100977199,0.8501628664495114
54.66857299720181,0.9543973941368078,0.9804560260586319,0.9674267100977199,0.8501628664495114
55.17492376129126,0.9543973941368078,0.9804560260586319,0.9674267100977199,0.8501628664495114
55.68596444286412,0.9543973941368078,0.9804560260586319,0.9674267100977199,0.8501628664495114
56.20173848083188,0.9543973941368078,0.9804560260586319,0.9674267100977199,0.8534201954397395
56.72228971644544,0.9543973941368078,0.9804560260586319,0.9674267100977199,0.8534201954397395
57.247662397021784,0.9543973941368078,0.9804560260586319,0.9674267100977199,0.8534201954397395
57.77790117970504,0.9543973941368078,0.9804560260586319,0.9706840390879479,0.8534201954397395
58.313051135262214,0.9543973941368078,0.9804560260586319,0.9706840390879479,0.8534201954397395
58.8531577519145,0.9543973941368078,0.9804560260586319,0.9706840390879479,0.8534201954397395
59.398266939203566,0.9543973941368078,0.9804560260586319,0.9706840390879479,0.8534201954397395
59.94842503189409,0.9543973941368078,0.9804560260586319,0.9706840390879479,0.8534201954397395
60.503678793912215,0.9543973941368078,0.9804560260586319,0.9706840390879479,0.8534201954397395
61.06407542232039,0.9543973941368078,0.9804560260586319,0.9739413680781759,0.8534201954397395
61.629662551329425,0.9543973941368078,0.9804560260586319,0.9739413680781759,0.8534201954397395
62.200488256347114,0.9543973941368078,0.9804560260586319,0.9739413680781759,0.8534201954397395
62.776601058065,0.9543973941368078,0.9837133550488599,0.9739413680781759,0.8534201954397395
63.35804992658251,0.9576547231270358,0.9837133550488599,0.9739413680781759,0.8534201954397395
63.9448842855694,0.9576547231270358,0.9837133550488599,0.9739413680781759,0.8599348534201955
64.53715401646701,0.9576547231270358,0.9837133550488599,0.9739413680781759,0.8599348534201955
65.13490946272803,0.9576547231270358,0.9837133550488599,0.9739413680781759,0.8664495114006515
65.73820143409586,0.9576547231270358,0.9869706840390879,0.9739413680781759,0.8664495114006515
66.34708121092348,0.9576547231270358,0.9869706840390879,0.9739413680781759,0.8697068403908795
66.96160054853219,0.9609120521172638,0.9869706840390879,0.9771986970684039,0.8697068403908795
67.5818116816111,0.9609120521172638,0.9869706840390879,0.9771986970684039,0.8697068403908795
68.20776732865686,0.9609120521172638,0.9869706840390879,0.9771986970684039,0.8697068403908795
68.83952069645497,0.9609120521172638,0.9869706840390879,0.9771986970684039,0.8697068403908795
69.47712548460237,0.9641693811074918,0.9869706840390879,0.9771986970684039,0.8762214983713354
70.12063589007181,0.9641693811074918,0.9869706840390879,0.9771986970684039,0.8762214983713354
70.77010661181889,0.9641693811074918,0.9869706840390879,0.9771986970684039,0.8762214983713354
71.42559285543126,0.9641693811074918,0.9869706840390879,0.9771986970684039,0.8762214983713354
72.08715033782136,0.9641693811074918,0.9869706840390879,0.9771986970684039,0.8762214983713354
72.7548352919623,0.9641693811074918,0.9869706840390879,0.9771986970684039,0.8762214983713354
73.42870447166761,0.9641693811074918,0.9869706840390879,0.9804560260586319,0.8794788273615635
74.1088151564157,0.9641693811074918,0.9869706840390879,0.9837133550488599,0.8794788273615635
74.79522515621821,0.9641693811074918,0.9869706840390879,0.9837133550488599,0.8794788273615635
75.48799281653436,0.9641693811074918,0.9869706840390879,0.9837133550488599,0.8794788273615635
76.18717702322995,0.9641693811074918,0.990228013029316,0.9837133550488599,0.8794788273615635
76.8928372075831,0.9641693811074918,0.990228013029316,0.9837133550488599,0.8794788273615635
77.6050333513357,0.9641693811074918,0.990228013029316,0.9837133550488599,0.8794788273615635
78.32382599179196,0.9641693811074918,0.990228013029316,0.9837133550488599,0.8794788273615635
79.04927622696424,0.9641693811074918,0.990228013029316,0.9837133550488599,0.8794788273615635
79.78144572076624,0.9641693811074918,0.990228013029316,0.9837133550488599,0.8794788273615635
80.52039670825474,0.9641693811074918,0.990228013029316,0.9837133550488599,0.8794788273615635
81.26619200091946,0.9641693811074918,0.990228013029316,0.9837133550488599,0.8794788273615635
82.01889499202203,0.9706840390879479,0.990228013029316,0.9837133550488599,0.8794788273615635
82.77856966198476,0.9706840390879479,0.990228013029316,0.9837133550488599,0.8794788273615635
83.54528058382867,0.9706840390879479,0.990228013029316,0.9837133550488599,0.8859934853420195
84.31909292866256,0.9706840390879479,0.990228013029316,0.9837133550488599,0.8859934853420195
85.10007247122246,0.9706840390879479,0.990228013029316,0.9837133550488599,0.8859934853420195
85.88828559546249,0.9706840390879479,0.990228013029316,0.9837133550488599,0.8859934853420195
86.68379930019779,0.9706840390879479,0.990228013029316,0.9837133550488599,0.8859934853420195
87.4866812047991,0.9706840390879479,0.990228013029316,0.9837133550488599,0.8859934853420195
88.29699955494087,0.9706840390879479,0.990228013029316,0.9837133550488599,0.8859934853420195
89.11482322840202,0.9706840390879479,0.990228013029316,0.9837133550488599,0.8892508143322475
89.94022174092044,0.9706840390879479,0.990228013029316,0.9837133550488599,0.8892508143322475
90.77326525210228,0.9706840390879479,0.990228013029316,0.9837133550488599,0.8892508143322475
91.61402457138516,0.9706840390879479,0.990228013029316,0.9837133550488599,0.8892508143322475
92.46257116405738,0.9706840390879479,0.990228013029316,0.9837133550488599,0.8892508143322475
93.31897715733238,0.9706840390879479,0.990228013029316,0.9837133550488599,0.8892508143322475
94.18331534647952,0.9706840390879479,0.990228013029316,0.9837133550488599,0.8892508143322475
95.05565920101196,0.9706840390879479,0.990228013029316,0.9837133550488599,0.8892508143322475
95.93608287093141,0.9706840390879479,0.990228013029316,0.9837133550488599,0.8892508143322475
96.82466119303123,0.9706840390879479,0.990228013029316,0.9837133550488599,0.8892508143322475
97.72146969725725,0.9706840390879479,0.990228013029316,0.9837133550488599,0.8892508143322475
98.6265846131282,0.9706840390879479,0.990228013029316,0.9837133550488599,0.8925081433224755
99.54008287621524,0.9706840390879479,0.990228013029316,0.9837133550488599,0.8925081433224755
100.46204213468131,0.9739413680781759,0.990228013029316,0.9837133550488599,0.8925081433224755
101.39254075588153,0.9739413680781759,0.990228013029316,0.9837133550488599,0.8925081433224755
102.3316578330245,0.9739413680781759,0.990228013029316,0.9837133550488599,0.8925081433224755
103.27947319189515,0.9739413680781759,0.990228013029316,0.9837133550488599,0.8990228013029316
104.23606739764011,0.9739413680781759,0.990228013029316,0.9837133550488599,0.8990228013029316
105.20152176161591,0.9739413680781759,0.990228013029316,0.9837133550488599,0.8990228013029316
106.17591834830002,0.9739413680781759,0.990228013029316,0.9837133550488599,0.8990228013029316
107.15933998226711,0.9739413680781759,0.990228013029316,0.9837133550488599,0.8990228013029316
108.15187025522881,0.9739413680781759,0.990228013029316,0.9837133550488599,0.8990228013029316
109.1535935331391,0.9739413680781759,0.990228013029316,0.9837133550488599,0.8990228013029316
110.16459496336569,0.9739413680781759,0.990228013029316,0.9837133550488599,0.8990228013029316
111.1849604819271,0.9739413680781759,0.990228013029316,0.9837133550488599,0.8990228013029316
112.21477682079802,0.9739413680781759,0.990228013029316,0.9837133550488599,0.8990228013029316
113.25413151528114,0.9739413680781759,0.990228013029316,0.9837133550488599,0.8990228013029316
114.30311291144787,0.9739413680781759,0.990228013029316,0.9837133550488599,0.8990228013029316
115.36181017364785,0.9739413680781759,0.990228013029316,0.9837133550488599,0.8990228013029316
116.43031329208767,0.9739413680781759,0.990228013029316,0.9837133550488599,0.8990228013029316
117.50871309048075,0.9739413680781759,0.990228013029316,0.9837133550488599,0.8990228013029316
118.59710123376694,0.9739413680781759,0.990228013029316,0.9837133550488599,0.8990228013029316
119.69557023590428,0.9739413680781759,0.990228013029316,0.9837133550488599,0.8990228013029316
120.8042134677329,0.9739413680781759,0.990228013029316,0.9837133550488599,0.8990228013029316
121.92312516491107,0.9739413680781759,0.990228013029316,0.9869706840390879,0.9022801302931596
123.05240043592616,0.9739413680781759,0.990228013029316,0.9869706840390879,0.9022801302931596
124.19213527017834,0.9739413680781759,0.990228013029316,0.9869706840390879,0.9022801302931596
125.34242654613995,0.9739413680781759,0.990228013029316,0.9869706840390879,0.9022801302931596
126.50337203959037,0.9739413680781759,0.990228013029316,0.9869706840390879,0.9022801302931596
127.67507043192657,0.9804560260586319,0.990228013029316,0.9869706840390879,0.9055374592833876
128.8576213185518,0.9804560260586319,0.990228013029316,0.9869706840390879,0.9055374592833876
130.05112521734085,0.9804560260586319,0.990228013029316,0.9869706840390879,0.9055374592833876
131.25568357718427,0.9804560260586319,0.990228013029316,0.9869706840390879,0.9055374592833876
132.47139878661176,0.9804560260586319,0.990228013029316,0.9869706840390879,0.9055374592833876
133.69837418249466,0.9804560260586319,0.990228013029316,0.9869706840390879,0.9055374592833876
134.93671405883066,0.9804560260586319,0.990228013029316,0.9869706840390879,0.9055374592833876
136.18652367560813,0.9804560260586319,0.990228013029316,0.9869706840390879,0.9055374592833876
137.44790926775366,0.9804560260586319,0.990228013029316,0.9869706840390879,0.9055374592833876
138.7209780541621,0.9804560260586319,0.990228013029316,0.9869706840390879,0.9055374592833876
140.00583824680976,0.9804560260586319,0.990228013029316,0.9869706840390879,0.9087947882736156
141.30259905995337,0.9837133550488599,0.990228013029316,0.9869706840390879,0.9087947882736156
142.61137071941283,0.9837133550488599,0.990228013029316,0.9869706840390879,0.9087947882736156
143.93226447194064,0.9837133550488599,0.990228013029316,0.9869706840390879,0.9087947882736156
145.26539259467813,0.9837133550488599,0.990228013029316,0.9869706840390879,0.9120521172638436
146.61086840469844,0.9837133550488599,0.990228013029316,0.9869706840390879,0.9120521172638436
147.96880626863964,0.9837133550488599,0.990228013029316,0.9869706840390879,0.9153094462540716
149.33932161242518,0.9837133550488599,0.990228013029316,0.9869706840390879,0.9153094462540716
150.72253093107557,0.9869706840390879,0.993485342019544,0.990228013029316,0.9153094462540716
152.1185517986105,0.9869706840390879,0.993485342019544,0.990228013029316,0.9153094462540716
153.52750287804227,0.9869706840390879,0.993485342019544,0.990228013029316,0.9153094462540716
154.94950393146317,0.9869706840390879,0.993485342019544,0.990228013029316,0.9153094462540716
156.3846758302246,0.9869706840390879,0.993485342019544,0.993485342019544,0.9153094462540716
157.8331405652118,0.9869706840390879,0.993485342019544,0.993485342019544,0.9153094462540716
159.29502125721228,0.9869706840390879,0.993485342019544,0.993485342019544,0.9153094462540716
160.77044216738236,0.9869706840390879,0.993485342019544,0.993485342019544,0.9185667752442996
162.25952870780873,0.9869706840390879,0.993485342019544,0.993485342019544,0.9185667752442996
163.76240745216873,0.9869706840390879,0.993485342019544,0.993485342019544,0.9185667752442996
165.27920614648954,0.9869706840390879,0.993485342019544,0.993485342019544,0.9218241042345277
166.81005372000593,0.990228013029316,0.993485342019544,0.993485342019544,0.9218241042345277
168.35508029612024,0.990228013029316,0.993485342019544,0.993485342019544,0.9218241042345277
169.9144172034626,0.990228013029316,0.993485342019544,0.993485342019544,0.9218241042345277
171.48819698705393,0.990228013029316,0.993485342019544,0.993485342019544,0.9218241042345277
173.07655341957258,0.990228013029316,0.993485342019544,0.993485342019544,0.9218241042345277
174.67962151272457,0.990228013029316,0.993485342019544,0.993485342019544,0.9218241042345277
176.29753752872057,0.990228013029316,0.993485342019544,0.993485342019544,0.9218241042345277
177.93043899185773,0.990228013029316,0.993485342019544,0.993485342019544,0.9218241042345277
179.5784647002095,0.990228013029316,0.993485342019544,0.993485342019544,0.9218241042345277
181.24175473742378,0.990228013029316,0.993485342019544,0.993485342019544,0.9218241042345277
182.92045048462938,0.990228013029316,0.993485342019544,0.993485342019544,0.9218241042345277
184.61469463245476,0.990228013029316,0.993485342019544,0.993485342019544,0.9218241042345277
186.324631193156,0.990228013029316,0.993485342019544,0.993485342019544,0.9218241042345277
188.05040551285816,0.993485342019544,0.993485342019544,0.993485342019544,0.9218241042345277
189.79216428391015,0.993485342019544,0.993485342019544,0.993485342019544,0.9218241042345277
191.55005555735278,0.993485342019544,0.996742671009772,0.993485342019544,0.9250814332247557
193.32422875550452,0.993485342019544,0.996742671009772,0.993485342019544,0.9250814332247557
195.11483468466164,0.993485342019544,0.996742671009772,0.993485342019544,0.9250814332247557
196.92202554791714,0.993485342019544,0.996742671009772,0.993485342019544,0.9283387622149837
198.74595495809837,0.993485342019544,0.996742671009772,0.993485342019544,0.9283387622149837
200.5867779508234,0.993485342019544,0.996742671009772,0.993485342019544,0.9283387622149837
202.44465099768038,0.993485342019544,0.996742671009772,0.993485342019544,0.9283387622149837
204.31973201952704,0.993485342019544,0.996742671009772,0.993485342019544,0.9283387622149837
206.21218039991425,0.993485342019544,0.996742671009772,0.993485342019544,0.9283387622149837
208.12215699863393,0.993485342019544,0.996742671009772,0.993485342019544,0.9283387622149837
210.04982416539153,0.993485342019544,0.996742671009772,0.993485342019544,0.9283387622149837
211.9953457536071,0.993485342019544,0.996742671009772,0.993485342019544,0.9283387622149837
213.95888713434215,0.993485342019544,0.996742671009772,0.993485342019544,0.9315960912052117
215.94061521035653,0.993485342019544,0.996742671009772,0.993485342019544,0.9315960912052117
217.94069843029558,0.993485342019544,0.996742671009772,0.993485342019544,0.9315960912052117
219.95930680300748,0.993485342019544,0.996742671009772,0.993485342019544,0.9315960912052117
221.99661191199547,0.993485342019544,0.996742671009772,0.993485342019544,0.9315960912052117
224.05278693000182,0.993485342019544,0.996742671009772,0.993485342019544,0.9315960912052117
226.12800663372772,0.993485342019544,0.996742671009772,0.993485342019544,0.9315960912052117
228.22244741868985,0.993485342019544,0.996742671009772,0.993485342019544,0.9348534201954397
230.33628731421314,0.993485342019544,0.996742671009772,0.993485342019544,0.9381107491856677
232.4697059985648,0.993485342019544,0.996742671009772,0.993485342019544,0.9381107491856677
234.62288481422624,0.993485342019544,0.996742671009772,0.993485342019544,0.9381107491856677
236.79600678330763,0.993485342019544,0.996742671009772,0.993485342019544,0.9413680781758957
238.98925662310504,0.993485342019544,0.996742671009772,0.993485342019544,0.9413680781758957
241.2028207618007,0.993485342019544,0.996742671009772,0.993485342019544,0.9413680781758957
243.43688735431104,0.993485342019544,0.996742671009772,0.993485342019544,0.9413680781758957
245.691646298279,0.993485342019544,0.996742671009772,0.993485342019544,0.9413680781758957
247.96728925021577,0.993485342019544,0.996742671009772,0.993485342019544,0.9413680781758957
250.26400964179192,0.993485342019544,0.996742671009772,0.993485342019544,0.9413680781758957
252.58200269627847,0.993485342019544,0.996742671009772,0.993485342019544,0.9446254071661238
254.9214654451423,0.993485342019544,0.996742671009772,0.993485342019544,0.9446254071661238
257.28259674479324,0.993485342019544,0.996742671009772,0.993485342019544,0.9446254071661238
259.665597293487,0.993485342019544,0.996742671009772,0.993485342019544,0.9446254071661238
262.07066964838526,0.993485342019544,0.996742671009772,0.993485342019544,0.9446254071661238
264.498018242772,0.993485342019544,0.996742671009772,0.993485342019544,0.9446254071661238
266.9478494034321,0.993485342019544,0.996742671009772,0.993485342019544,0.9446254071661238
269.4203713681882,0.993485342019544,0.996742671009772,0.993485342019544,0.9446254071661238
271.9157943036019,0.993485342019544,0.996742671009772,0.993485342019544,0.9446254071661238
274.43433032283656,0.993485342019544,0.996742671009772,0.993485342019544,0.9446254071661238
276.9761935036891,0.993485342019544,0.996742671009772,0.993485342019544,0.9446254071661238
279.5415999067856,0.993485342019544,0.996742671009772,0.993485342019544,0.9446254071661238
282.1307675939471,0.993485342019544,0.996742671009772,0.993485342019544,0.9446254071661238
284.74391664672476,0.993485342019544,0.996742671009772,0.993485342019544,0.9446254071661238
287.38126918510665,0.993485342019544,0.996742671009772,0.993485342019544,0.9511400651465798
290.04304938639916,0.993485342019544,0.996742671009772,0.993485342019544,0.9511400651465798
292.7294835042816,0.993485342019544,0.996742671009772,0.993485342019544,0.9511400651465798
295.440799888038,0.993485342019544,0.996742671009772,0.993485342019544,0.9511400651465798
298.17722900196736,0.993485342019544,0.996742671009772,0.993485342019544,0.9511400651465798
300.9390034449721,0.993485342019544,0.996742671009772,0.993485342019544,0.9511400651465798
303.72635797033115,0.993485342019544,0.996742671009772,0.993485342019544,0.9511400651465798
306.5395295056527,0.993485342019544,0.996742671009772,0.993485342019544,0.9511400651465798
309.3787571730137,0.993485342019544,0.996742671009772,0.993485342019544,0.9511400651465798
312.2442823092858,0.993485342019544,0.996742671009772,0.993485342019544,0.9511400651465798
315.13634848664793,0.993485342019544,0.996742671009772,0.993485342019544,0.9511400651465798
318.05520153329195,0.993485342019544,0.996742671009772,0.993485342019544,0.9511400651465798
321.00108955431716,0.993485342019544,0.996742671009772,0.993485342019544,0.9511400651465798
323.9742629528196,0.993485342019544,0.996742671009772,0.993485342019544,0.9543973941368078
326.9749744511768,0.993485342019544,0.996742671009772,0.993485342019544,0.9543973941368078
330.0034791125285,0.993485342019544,0.996742671009772,0.993485342019544,0.9543973941368078
333.06003436245885,0.993485342019544,0.996742671009772,0.993485342019544,0.9576547231270358
336.1449000108765,0.993485342019544,0.996742671009772,0.993485342019544,0.9576547231270358
339.2583382740992,0.993485342019544,0.996742671009772,0.993485342019544,0.9576547231270358
342.40061379714257,0.993485342019544,0.996742671009772,0.993485342019544,0.9576547231270358
345.57199367621394,0.993485342019544,0.996742671009772,0.993485342019544,0.9576547231270358
348.77274748141775,0.993485342019544,0.996742671009772,0.993485342019544,0.9576547231270358
352.00314727966787,0.993485342019544,0.996742671009772,0.993485342019544,0.9576547231270358
355.2634676578139,0.993485342019544,0.996742671009772,0.993485342019544,0.9576547231270358
358.5539857459817,0.993485342019544,0.996742671009772,0.993485342019544,0.9576547231270358
361.874981241128,0.993485342019544,0.996742671009772,0.993485342019544,0.9576547231270358
365.22673643081754,0.993485342019544,0.996742671009772,0.993485342019544,0.9576547231270358
368.6095362172158,0.993485342019544,0.996742671009772,0.993485342019544,0.9609120521172638
372.0236681413066,0.993485342019544,0.996742671009772,0.993485342019544,0.9609120521172638
375.4694224073337,0.993485342019544,0.996742671009772,0.993485342019544,0.9609120521172638
378.94709190746676,0.993485342019544,0.996742671009772,0.993485342019544,0.9609120521172638
382.45697224669993,0.993485342019544,0.996742671009772,0.993485342019544,0.9609120521172638
385.9993617679767,0.993485342019544,0.996742671009772,0.993485342019544,0.9609120521172638
389.5745615775501,0.993485342019544,0.996742671009772,0.993485342019544,0.9609120521172638
393.18287557057704,0.993485342019544,0.996742671009772,0.993485342019544,0.9609120521172638
396.82461045694816,0.993485342019544,0.996742671009772,0.993485342019544,0.9609120521172638
400.5000757873611,0.993485342019544,0.996742671009772,0.993485342019544,0.9609120521172638
404.20958397963057,0.993485342019544,0.996742671009772,0.993485342019544,0.9609120521172638
407.9534503452449,0.993485342019544,0.996742671009772,0.993485342019544,0.9609120521172638
411.7319931161679,0.993485342019544,0.996742671009772,0.993485342019544,0.9609120521172638
415.54553347188755,0.993485342019544,0.996742671009772,0.993485342019544,0.9609120521172638
419.39439556671863,0.993485342019544,0.996742671009772,0.993485342019544,0.9609120521172638
423.27890655735484,0.993485342019544,0.996742671009772,0.993485342019544,0.9641693811074918
427.19939663067765,0.993485342019544,0.996742671009772,0.993485342019544,0.9641693811074918
431.15619903182284,0.993485342019544,0.996742671009772,0.993485342019544,0.9641693811074918
435.149650092505,0.993485342019544,0.996742671009772,0.993485342019544,0.9674267100977199
439.1800892596086,0.993485342019544,0.996742671009772,0.993485342019544,0.9674267100977199
443.2478591240396,0.993485342019544,0.996742671009772,0.993485342019544,0.9674267100977199
447.3533054498463,0.993485342019544,0.996742671009772,0.993485342019544,0.9674267100977199
451.4967772036102,0.993485342019544,0.996742671009772,0.993485342019544,0.9674267100977199
455.6786265841064,0.993485342019544,0.996742671009772,0.993485342019544,0.9674267100977199
459.8992090522438,0.993485342019544,0.996742671009772,0.993485342019544,0.9674267100977199
464.15888336127773,0.993485342019544,0.996742671009772,0.993485342019544,0.9674267100977199
468.4580115873045,0.993485342019544,0.996742671009772,0.993485342019544,0.9674267100977199
472.7969591600391,0.993485342019544,0.996742671009772,0.993485342019544,0.9706840390879479
477.17609489387456,0.993485342019544,0.996742671009772,0.993485342019544,0.9706840390879479
481.5957910192351,0.993485342019544,0.996742671009772,0.993485342019544,0.9706840390879479
486.0564232142134,0.993485342019544,0.996742671009772,0.993485342019544,0.9706840390879479
490.55837063650455,0.993485342019544,0.996742671009772,0.993485342019544,0.9706840390879479
495.1020159556351,0.993485342019544,0.996742671009772,0.993485342019544,0.9706840390879479
499.68774538548837,0.993485342019544,0.996742671009772,0.993485342019544,0.9706840390879479
504.3159487171359,0.993485342019544,0.996742671009772,0.993485342019544,0.9706840390879479
508.98701935196794,0.993485342019544,0.996742671009772,0.993485342019544,0.9706840390879479
513.7013543351344,0.993485342019544,0.996742671009772,0.993485342019544,0.9706840390879479
518.4593543892913,0.993485342019544,0.996742671009772,0.993485342019544,0.9706840390879479
523.2614239486662,0.993485342019544,0.996742671009772,0.993485342019544,0.9706840390879479
528.1079711934331,0.993485342019544,0.996742671009772,0.993485342019544,0.9706840390879479
532.9994080844087,0.993485342019544,0.996742671009772,0.993485342019544,0.9706840390879479
537.9361503980704,0.993485342019544,0.996742671009772,0.993485342019544,0.9706840390879479
542.9186177618943,0.993485342019544,0.996742671009772,0.993485342019544,0.9706840390879479
547.9472336900287,0.993485342019544,0.996742671009772,0.993485342019544,0.9706840390879479
553.0224256192901,0.993485342019544,0.996742671009772,0.993485342019544,0.9706840390879479
558.144624945496,0.993485342019544,0.996742671009772,0.993485342019544,0.9706840390879479
563.3142670601358,0.993485342019544,0.996742671009772,0.993485342019544,0.9706840390879479
568.5317913873754,0.993485342019544,0.996742671009772,0.993485342019544,0.9706840390879479
573.7976414214133,0.993485342019544,0.996742671009772,0.993485342019544,0.9706840390879479
579.1122647641758,0.993485342019544,0.996742671009772,0.993485342019544,0.9706840390879479
584.4761131633632,0.993485342019544,0.996742671009772,0.993485342019544,0.9771986970684039
589.8896425508499,0.993485342019544,0.996742671009772,0.993485342019544,0.9771986970684039
595.353313081437,0.993485342019544,0.996742671009772,0.993485342019544,0.9771986970684039
600.8675891719687,0.993485342019544,0.996742671009772,0.993485342019544,0.9771986970684039
606.4329395408062,0.993485342019544,0.996742671009772,0.993485342019544,0.9771986970684039
612.0498372476696,0.993485342019544,0.996742671009772,0.993485342019544,0.9771986970684039
617.7187597338494,0.993485342019544,0.996742671009772,0.993485342019544,0.9771986970684039
623.4401888627864,0.993485342019544,0.996742671009772,0.993485342019544,0.9771986970684039
629.2146109610344,0.993485342019544,0.996742671009772,0.993485342019544,0.9771986970684039
635.0425168595962,0.993485342019544,0.996742671009772,0.993485342019544,0.9771986970684039
640.924401935645,0.993485342019544,0.996742671009772,0.993485342019544,0.9771986970684039
646.8607661546328,0.993485342019544,0.996742671009772,0.993485342019544,0.9771986970684039
652.8521141127848,0.993485342019544,0.996742671009772,0.993485342019544,0.9771986970684039
658.898955079995,0.993485342019544,0.996742671009772,0.993485342019544,0.9771986970684039
665.0018030431119,0.993485342019544,0.996742671009772,0.993485342019544,0.9771986970684039
671.161176749628,0.993485342019544,0.996742671009772,0.993485342019544,0.9771986970684039
677.3775997517752,0.993485342019544,0.996742671009772,0.993485342019544,0.9771986970684039
683.6516004510238,0.993485342019544,0.996742671009772,0.993485342019544,0.9771986970684039
689.9837121430019,0.993485342019544,0.996742671009772,0.993485342019544,0.9804560260586319
696.3744730628222,0.993485342019544,0.996742671009772,0.993485342019544,0.9804560260586319
702.8244264308346,0.993485342019544,0.996742671009772,0.993485342019544,0.9837133550488599
709.3341204987997,0.993485342019544,0.996742671009772,0.993485342019544,0.9837133550488599
715.9041085964889,0.993485342019544,0.996742671009772,0.993485342019544,0.9837133550488599
722.5349491787214,0.993485342019544,0.996742671009772,0.993485342019544,0.9837133550488599
729.2272058728313,0.993485342019544,0.996742671009772,0.993485342019544,0.9837133550488599
735.9814475265764,0.993485342019544,0.996742671009772,0.993485342019544,0.9869706840390879
742.7982482564919,0.993485342019544,0.996742671009772,0.993485342019544,0.9869706840390879
749.6781874966877,0.993485342019544,0.996742671009772,0.993485342019544,0.9869706840390879
756.6218500481056,0.993485342019544,0.996742671009772,0.993485342019544,0.9869706840390879
763.6298261282242,0.993485342019544,0.996742671009772,0.993485342019544,0.9869706840390879
770.7027114212295,0.993485342019544,0.996742671009772,0.993485342019544,0.9869706840390879
777.841107128649,0.993485342019544,0.996742671009772,0.993485342019544,0.9869706840390879
785.0456200204509,0.993485342019544,0.996742671009772,0.993485342019544,0.9869706840390879
792.3168624866254,0.993485342019544,0.996742671009772,0.993485342019544,0.9869706840390879
799.6554525892346,0.993485342019544,0.996742671009772,0.993485342019544,0.9869706840390879
807.0620141149499,0.993485342019544,0.996742671009772,0.993485342019544,0.9869706840390879
814.5371766280746,0.993485342019544,0.996742671009772,0.993485342019544,0.9869706840390879
822.0815755240541,0.993485342019544,0.996742671009772,0.993485342019544,0.9869706840390879
829.6958520834906,0.993485342019544,0.996742671009772,0.993485342019544,0.9869706840390879
837.380653526649,0.996742671009772,1.0,0.996742671009772,0.9869706840390879
845.1366330684713,0.996742671009772,1.0,0.996742671009772,0.9869706840390879
852.9644499741025,0.996742671009772,1.0,0.996742671009772,0.9869706840390879
860.8647696149245,0.996742671009772,1.0,0.996742671009772,0.9869706840390879
868.8382635251185,0.996742671009772,1.0,0.996742671009772,0.9869706840390879
876.8856094587427,0.996742671009772,1.0,0.996742671009772,0.9869706840390879
885.0074914473439,0.996742671009772,1.0,0.996742671009772,0.9869706840390879
893.2045998580968,0.996742671009772,1.0,0.996742671009772,0.9869706840390879
901.4776314524918,0.996742671009772,1.0,0.996742671009772,0.9869706840390879
909.8272894455558,0.996742671009772,1.0,0.996742671009772,0.9869706840390879
918.2542835656282,0.996742671009772,1.0,0.996742671009772,0.9869706840390879
926.7593301146883,0.996742671009772,1.0,0.996742671009772,0.9869706840390879
935.3431520292387,0.996742671009772,1.0,0.996742671009772,0.990228013029316
944.0064789417603,0.996742671009772,1.0,0.996742671009772,0.993485342019544
952.750047242729,0.996742671009772,1.0,0.996742671009772,0.993485342019544
961.5746001432095,0.996742671009772,1.0,0.996742671009772,0.993485342019544
970.4808877380307,0.996742671009772,1.0,0.996742671009772,0.993485342019544
979.4696670695396,0.996742671009772,1.0,0.996742671009772,0.993485342019544
988.5417021919574,0.996742671009772,1.0,0.996742671009772,0.993485342019544
997.6977642363202,0.996742671009772,1.0,0.996742671009772,0.993485342019544
1006.9386314760271,0.996742671009772,1.0,0.996742671009772,0.993485342019544
1016.2650893929952,0.996742671009772,1.0,0.996742671009772,0.993485342019544
1025.677930744422,0.996742671009772,1.0,0.996742671009772,0.993485342019544
1035.1779556301763,0.996742671009772,1.0,0.996742671009772,0.993485342019544
1044.7659715608042,0.996742671009772,1.0,0.996742671009772,0.993485342019544
1054.4427935261685,0.996742671009772,1.0,0.996742671009772,0.993485342019544
1064.2092440647245,0.996742671009772,1.0,0.996742671009772,0.993485342019544
1074.0661533334335,0.996742671009772,1.0,0.996742671009772,0.993485342019544
1084.014359178331,0.996742671009772,1.0,0.996742671009772,0.993485342019544
1094.0547072057425,0.996742671009772,1.0,0.996742671009772,0.993485342019544
1104.18805085416,0.996742671009772,1.0,0.996742671009772,0.993485342019544
1114.415251466788,0.996742671009772,1.0,0.996742671009772,0.993485342019544
1124.737178364752,0.996742671009772,1.0,0.996742671009772,0.993485342019544
1135.154708920999,0.996742671009772,1.0,0.996742671009772,0.993485342019544
1145.6687286348715,0.996742671009772,1.0,0.996742671009772,0.993485342019544
1156.2801312073755,0.996742671009772,1.0,0.996742671009772,0.993485342019544
1166.9898186171474,0.996742671009772,1.0,0.996742671009772,0.993485342019544
1177.7987011971193,0.996742671009772,1.0,0.996742671009772,0.993485342019544
1188.7076977119034,0.996742671009772,1.0,0.996742671009772,0.993485342019544
1199.7177354358844,0.996742671009772,1.0,0.996742671009772,0.993485342019544
1210.8297502320395,0.996742671009772,1.0,0.996742671009772,0.993485342019544
1222.0446866314887,0.996742671009772,1.0,0.996742671009772,0.993485342019544
1233.363497913776,0.996742671009772,1.0,0.996742671009772,0.993485342019544
1244.787146187906,0.996742671009772,1.0,0.996742671009772,0.993485342019544
1256.3166024741201,0.996742671009772,1.0,0.996742671009772,0.993485342019544
1267.9528467864338,0.996742671009772,1.0,0.996742671009772,0.993485342019544
1279.6968682159415,0.996742671009772,1.0,0.996742671009772,0.993485342019544
1291.549665014884,0.996742671009772,1.0,0.996742671009772,0.996742671009772
1303.512244681509,0.996742671009772,1.0,1.0,0.996742671009772
1315.5856240457038,0.996742671009772,1.0,1.0,0.996742671009772
1327.770829355429,0.996742671009772,1.0,1.0,0.996742671009772
1340.0688963639507,0.996742671009772,1.0,1.0,0.996742671009772
1352.4808704178754,0.996742671009772,1.0,1.0,0.996742671009772
1365.0078065460139,0.996742671009772,1.0,1.0,0.996742671009772
1377.6507695490536,0.996742671009772,1.0,1.0,0.996742671009772
1390.4108340900696,0.996742671009772,1.0,1.0,0.996742671009772
1403.2890847858732,0.996742671009772,1.0,1.0,0.996742671009772
1416.2866162991988,0.996742671009772,1.0,1.0,0.996742671009772
1429.4045334317611,0.996742671009772,1.0,1.0,0.996742671009772
1442.6439512181573,0.996742671009772,1.0,1.0,0.996742671009772
1456.0059950206485,0.996742671009772,1.0,1.0,0.996742671009772
1469.4918006248172,0.996742671009772,1.0,1.0,0.996742671009772
1483.1025143361044,0.996742671009772,1.0,1.0,0.996742671009772
1496.8392930772557,0.996742671009772,1.0,1.0,0.996742671009772
1510.7033044866541,0.996742671009772,1.0,1.0,0.996742671009772
1524.695727017573,0.996742671009772,1.0,1.0,0.996742671009772
1538.8177500383463,0.996742671009772,1.0,1.0,0.996742671009772
1553.07057393346,0.996742671009772,1.0,1.0,0.996742671009772
1567.455410205595,0.996742671009772,1.0,1.0,0.996742671009772
1581.9734815785998,0.996742671009772,1.0,1.0,0.996742671009772
1596.6260221014252,0.996742671009772,1.0,1.0,0.996742671009772
1611.41427725302,0.996742671009772,1.0,1.0,0.996742671009772
1626.3395040481923,0.996742671009772,1.0,1.0,0.996742671009772
1641.4029711444664,0.996742671009772,1.0,1.0,0.996742671009772
1656.6059589499134,0.996742671009772,1.0,1.0,0.996742671009772
1671.94975973199,0.996742671009772,1.0,1.0,0.996742671009772
1687.4356777273756,0.996742671009772,1.0,1.0,0.996742671009772
1703.0650292528444,0.996742671009772,1.0,1.0,0.996742671009772
1718.8391428171456,0.996742671009772,1.0,1.0,0.996742671009772
1734.7593592339308,0.996742671009772,1.0,1.0,1.0
1750.827031735725,0.996742671009772,1.0,1.0,1.0
1767.0435260889467,0.996742671009772,1.0,1.0,1.0
1783.4102207100082,0.996742671009772,1.0,1.0,1.0
1799.9285067824765,0.996742671009772,1.0,1.0,1.0
1816.5997883753266,0.996742671009772,1.0,1.0,1.0
1833.4254825622907,0.996742671009772,1.0,1.0,1.0
1850.4070195423021,0.996742671009772,1.0,1.0,1.0
1867.545842761076,0.996742671009772,1.0,1.0,1.0
1884.8434090337953,0.996742671009772,1.0,1.0,1.0
1902.301188668944,0.996742671009772,1.0,1.0,1.0
1919.9206655932849,0.996742671009772,1.0,1.0,1.0
1937.703337477989,0.996742671009772,1.0,1.0,1.0
1955.650715865949,0.996742671009772,1.0,1.0,1.0
1973.7643263002553,0.996742671009772,1.0,1.0,1.0
1992.0457084538693,0.996742671009772,1.0,1.0,1.0
2010.496416260499,0.996742671009772,1.0,1.0,1.0
2029.1180180466781,0.996742671009772,1.0,1.0,1.0
2047.9120966650855,0.996742671009772,1.0,1.0,1.0
2066.880249629082,0.996742671009772,1.0,1.0,1.0
2086.0240892485026,1.0,1.0,1.0,1.0
2105.345242766706,1.0,1.0,1.0,1.0
2124.8453524988827,1.0,1.0,1.0,1.0
2144.5260759716675,1.0,1.0,1.0,1.0
2164.3890860640204,1.0,1.0,1.0,1.0
2184.436071149426,1.0,1.0,1.0,1.0
2204.6687352394097,1.0,1.0,1.0,1.0
2225.0887981283695,1.0,1.0,1.0,1.0
2245.697995539774,1.0,1.0,1.0,1.0
2266.498079273693,1.0,1.0,1.0,1.0
2287.490817355702,1.0,1.0,1.0,1.0
2308.6779941871696,1.0,1.0,1.0,1.0
2330.0614106969247,1.0,1.0,1.0,1.0
2351.6428844943484,1.0,1.0,1.0,1.0
2373.424250023866,1.0,1.0,1.0,1.0
2395.407358720877,1.0,1.0,1.0,1.0
2417.594079169131,1.0,1.0,1.0,1.0
2439.98629725955,1.0,1.0,1.0,1.0
2462.5859163505465,1.0,1.0,1.0,1.0
2485.3948574297983,1.0,1.0,1.0,1.0
2508.4150592775386,1.0,1.0,1.0,1.0
2531.6484786313554,1.0,1.0,1.0,1.0
2555.097090352507,1.0,1.0,1.0,1.0
2578.7628875938008,1.0,1.0,1.0,1.0
2602.6478819690046,1.0,1.0,1.0,1.0
2626.7541037238357,1.0,1.0,1.0,1.0
2651.083601908539,1.0,1.0,1.0,1.0
2675.6384445520453,1.0,1.0,1.0,1.0
2700.4207188377727,1.0,1.0,1.0,1.0
2725.432531281028,1.0,1.0,1.0,1.0
2750.6760079080645,1.0,1.0,1.0,1.0
2776.153294436801,1.0,1.0,1.0,1.0
2801.866556459195,1.0,1.0,1.0,1.0
2827.817979625341,1.0,1.0,1.0,1.0
2854.0097698292375,1.0,1.0,1.0,1.0
2880.4441533962977,1.0,1.0,1.0,1.0
2907.123377272578,1.0,1.0,1.0,1.0
2934.049709215787,1.0,1.0,1.0,1.0
2961.2254379880346,1.0,1.0,1.0,1.0
2988.6528735503825,1.0,1.0,1.0,1.0
3016.3343472591973,1.0,1.0,1.0,1.0
3044.272212064303,1.0,1.0,1.0,1.0
3072.4688427090036,1.0,1.0,1.0,1.0
3100.9266359319267,1.0,1.0,1.0,1.0
3129.6480106707504,1.0,1.0,1.0,1.0
3158.635408267819,1.0,1.0,1.0,1.0
3187.8912926776457,1.0,1.0,1.0,1.0
3217.4181506763716,1.0,1.0,1.0,1.0
3247.218492073129,1.0,1.0,1.0,1.0
3277.294849923382,1.0,1.0,1.0,1.0
3307.6497807442424,1.0,1.0,1.0,1.0
3338.285864731761,1.0,1.0,1.0,1.0
3369.2057059802673,1.0,1.0,1.0,1.0
3400.411932703706,1.0,1.0,1.0,1.0
3431.9071974590424,1.0,1.0,1.0,1.0
3463.6941773717344,1.0,1.0,1.0,1.0
3495.775574363275,1.0,1.0,1.0,1.0
3528.154115380883,1.0,1.0,1.0,1.0
3560.832552629278,1.0,1.0,1.0,1.0
3593.813663804626,1.0,1.0,1.0,1.0
3627.1002523306483,1.0,1.0,1.0,1.0
3660.695147596902,1.0,1.0,1.0,1.0
3694.6012051993025,1.0,1.0,1.0,1.0
3728.8213071828336,1.0,1.0,1.0,1.0
3763.3583622865326,1.0,1.0,1.0,1.0
3798.215306190736,1.0,1.0,1.0,1.0
3833.3951017666013,1.0,1.0,1.0,1.0
3868.9007393279753,1.0,1.0,1.0,1.0
3904.73523688556,1.0,1.0,1.0,1.0
3940.901640403448,1.0,1.0,1.0,1.0
3977.403024058037,1.0,1.0,1.0,1.0
4014.242490499322,1.0,1.0,1.0,1.0
4051.423171114647,1.0,1.0,1.0,1.0
4088.9482262948604,1.0,1.0,1.0,1.0
4126.820845702951,1.0,1.0,1.0,1.0
4165.044248545185,1.0,1.0,1.0,1.0
4203.6216838447135,1.0,1.0,1.0,1.0
4242.556430717777,1.0,1.0,1.0,1.0
4281.851798652411,1.0,1.0,1.0,1.0
4321.511127789762,1.0,1.0,1.0,1.0
4361.537789208006,1.0,1.0,1.0,1.0
4401.935185208875,1.0,1.0,1.0,1.0
4442.706749606883,1.0,1.0,1.0,1.0
4483.855948021186,1.0,1.0,1.0,1.0
4525.386278170166,1.0,1.0,1.0,1.0
4567.301270168747,1.0,1.0,1.0,1.0
4609.604486828433,1.0,1.0,1.0,1.0
4652.29952396019,1.0,1.0,1.0,1.0
4695.390010680058,1.0,1.0,1.0,1.0
4738.879609717651,1.0,1.0,1.0,1.0
4782.772017727485,1.0,1.0,1.0,1.0
4827.070965603183,1.0,1.0,1.0,1.0
4871.780218794631,1.0,1.0,1.0,1.0
4916.903577628026,1.0,1.0,1.0,1.0
4962.444877628914,1.0,1.0,1.0,1.0
5008.407989848212,1.0,1.0,1.0,1.0
5054.79682119124,1.0,1.0,1.0,1.0
5101.6153147498335,1.0,1.0,1.0,1.0
5148.867450137493,1.0,1.0,1.0,1.0
5196.557243827658,1.0,1.0,1.0,1.0
5244.688749495119,1.0,1.0,1.0,1.0
5293.266058360561,1.0,1.0,1.0,1.0
5342.293299538353,1.0,1.0,1.0,1.0
5391.7746403875,1.0,1.0,1.0,1.0
5441.714286865893,1.0,1.0,1.0,1.0
5492.116483887789,1.0,1.0,1.0,1.0
5542.985515684669,1.0,1.0,1.0,1.0
5594.325706169378,1.0,1.0,1.0,1.0
5646.141419303667,1.0,1.0,1.0,1.0
5698.437059469142,1.0,1.0,1.0,1.0
5751.217071841614,1.0,1.0,1.0,1.0
5804.485942768978,1.0,1.0,1.0,1.0
5858.248200152536,1.0,1.0,1.0,1.0
5912.508413831875,1.0,1.0,1.0,1.0
5967.271195973317,1.0,1.0,1.0,1.0
6022.541201461928,1.0,1.0,1.0,1.0
6078.32312829723,1.0,1.0,1.0,1.0
6134.621717992506,1.0,1.0,1.0,1.0
6191.441755977841,1.0,1.0,1.0,1.0
6248.788072006894,1.0,1.0,1.0,1.0
6306.6655405674055,1.0,1.0,1.0,1.0
6365.079081295571,1.0,1.0,1.0,1.0
6424.033659394191,1.0,1.0,1.0,1.0
6483.534286054721,1.0,1.0,1.0,1.0
6543.586018883236,1.0,1.0,1.0,1.0
6604.193962330305,1.0,1.0,1.0,1.0
6665.363268124914,1.0,1.0,1.0,1.0
6727.099135712337,1.0,1.0,1.0,1.0
6789.406812696106,1.0,1.0,1.0,1.0
6852.291595284064,1.0,1.0,1.0,1.0
6915.758828738525,1.0,1.0,1.0,1.0
6979.81390783066,1.0,1.0,1.0,1.0
7044.462277299037,1.0,1.0,1.0,1.0
7109.709432312431,1.0,1.0,1.0,1.0
7175.560918936929,1.0,1.0,1.0,1.0
7242.022334607315,1.0,1.0,1.0,1.0
7309.099328602911,1.0,1.0,1.0,1.0
7376.79760252773,1.0,1.0,1.0,1.0
7445.122910795136,1.0,1.0,1.0,1.0
7514.08106111697,1.0,1.0,1.0,1.0
7583.677914997191,1.0,1.0,1.0,1.0
7653.919388230148,1.0,1.0,1.0,1.0
7724.8114514034005,1.0,1.0,1.0,1.0
7796.360130405229,1.0,1.0,1.0,1.0
7868.571506936852,1.0,1.0,1.0,1.0
7941.45171902934,1.0,1.0,1.0,1.0
8015.006961565405,1.0,1.0,1.0,1.0
8089.243486805938,1.0,1.0,1.0,1.0
8164.167604921464,1.0,1.0,1.0,1.0
8239.78568452852,1.0,1.0,1.0,1.0
8316.104153230961,1.0,1.0,1.0,1.0
8393.129498166365,1.0,1.0,1.0,1.0
8470.868266557402,1.0,1.0,1.0,1.0
8549.327066268375,1.0,1.0,1.0,1.0
8628.512566366895,1.0,1.0,1.0,1.0
8708.431497690724,1.0,1.0,1.0,1.0
8789.090653419955,1.0,1.0,1.0,1.0
8870.496889654403,1.0,1.0,1.0,1.0
8952.657125996391,1.0,1.0,1.0,1.0
9035.57834613893,1.0,1.0,1.0,1.0
9119.267598459299,1.0,1.0,1.0,1.0
9203.73199661822,1.0,1.0,1.0,1.0
9288.978720164498,1.0,1.0,1.0,1.0
9375.015015145289,1.0,1.0,1.0,1.0
9461.848194722003,1.0,1.0,1.0,1.0
9549.485639791967,1.0,1.0,1.0,1.0
9637.934799615785,1.0,1.0,1.0,1.0
9727.203192450537,1.0,1.0,1.0,1.0
9817.29840618884,1.0,1.0,1.0,1.0
9908.228099003798,1.0,1.0,1.0,1.0
10000.0,1.0,1.0,1.0,1.0
