,tau,QTQP_equil,Clarabel
0,1.0,0.5555555555555556,0.6111111111111112
1,1.0092621909870476,0.5555555555555556,0.6111111111111112
2,1.0186101701559758,0.5555555555555556,0.6111111111111112
3,1.0280447320933093,0.5555555555555556,0.6111111111111112
4,1.0375666787451858,0.5555555555555556,0.6111111111111112
5,1.0471768194855202,0.5555555555555556,0.6111111111111112
6,1.0568759711848041,0.5555555555555556,0.6111111111111112
7,1.0666649582795393,0.5555555555555556,0.6111111111111112
8,1.0765446128423155,0.5555555555555556,0.6111111111111112
9,1.0865157746525382,0.5555555555555556,0.6111111111111112
10,1.0965792912678098,0.6111111111111112,0.6111111111111112
11,1.1067360180959736,0.6111111111111112,0.6111111111111112
12,1.116986818467823,0.6111111111111112,0.6111111111111112
13,1.1273325637104867,0.6111111111111112,0.6111111111111112
14,1.1377741332214912,0.6111111111111112,0.6111111111111112
15,1.148312414543511,0.6111111111111112,0.6111111111111112
16,1.158948303439811,0.6111111111111112,0.6111111111111112
17,1.1696827039703852,0.6111111111111112,0.6111111111111112
18,1.180516528568805,0.6111111111111112,0.6111111111111112
19,1.1914506981197759,0.6111111111111112,0.6111111111111112
20,1.2024861420374122,0.6111111111111112,0.6111111111111112
21,1.2136237983442408,0.6111111111111112,0.6666666666666666
22,1.2248646137509314,0.6111111111111112,0.6666666666666666
23,1.2362095437367686,0.6111111111111112,0.6666666666666666
24,1.2476595526308696,0.6111111111111112,0.6666666666666666
25,1.259215613694151,0.6111111111111112,0.6666666666666666
26,1.2708787092020586,0.6111111111111112,0.6666666666666666
27,1.2826498305280605,0.6111111111111112,0.6666666666666666
28,1.2945299782279156,0.6111111111111112,0.6666666666666666
29,1.306520162124721,0.6111111111111112,0.6666666666666666
30,1.3186214013947486,0.6111111111111112,0.6666666666666666
31,1.330834724654075,0.6111111111111112,0.6666666666666666
32,1.343161170046016,0.6111111111111112,0.6666666666666666
33,1.3556017853293685,0.6111111111111112,0.6666666666666666
34,1.3681576279674716,0.6111111111111112,0.6666666666666666
35,1.3808297652180925,0.6111111111111112,0.6666666666666666
36,1.3936192742241424,0.6111111111111112,0.6666666666666666
37,1.406527242105237,0.6111111111111112,0.6666666666666666
38,1.4195547660501011,0.6111111111111112,0.6666666666666666
39,1.4327029534098308,0.6111111111111112,0.6666666666666666
40,1.4459729217920199,0.6111111111111112,0.7222222222222222
41,1.4593657991557567,0.6111111111111112,0.7222222222222222
42,1.4728827239075026,0.6111111111111112,0.7222222222222222
43,1.4865248449978568,0.6111111111111112,0.7222222222222222
44,1.5002933220192183,0.6111111111111112,0.7222222222222222
45,1.5141893253043521,0.6111111111111112,0.7222222222222222
46,1.5282140360258698,0.6111111111111112,0.7222222222222222
47,1.5423686462966282,0.6111111111111112,0.7222222222222222
48,1.5566543592710615,0.6111111111111112,0.7222222222222222
49,1.5710723892474503,0.6111111111111112,0.7222222222222222
50,1.5856239617711374,0.6111111111111112,0.7222222222222222
51,1.6003103137387007,0.6111111111111112,0.7222222222222222
52,1.6151326935030905,0.6111111111111112,0.7222222222222222
53,1.6300923609797406,0.6111111111111112,0.7222222222222222
54,1.6451905877536626,0.6111111111111112,0.7222222222222222
55,1.66042865718753,0.6111111111111112,0.7222222222222222
56,1.6758078645307677,0.6111111111111112,0.7222222222222222
57,1.691329517029648,0.6111111111111112,0.7222222222222222
58,1.7069949340384074,0.6111111111111112,0.7222222222222222
59,1.722805447131394,0.6111111111111112,0.7222222222222222
60,1.7387624002162507,0.6111111111111112,0.7222222222222222
61,1.754867149648151,0.6111111111111112,0.7222222222222222
62,1.7711210643450879,0.6111111111111112,0.7222222222222222
63,1.787525525904235,0.6111111111111112,0.7222222222222222
64,1.8040819287193828,0.6111111111111112,0.7222222222222222
65,1.820791680099463,0.6111111111111112,0.7222222222222222
66,1.8376562003881711,0.6111111111111112,0.7222222222222222
67,1.8546769230846987,0.6111111111111112,0.7222222222222222
68,1.8718552949655787,0.6111111111111112,0.7222222222222222
69,1.8891927762076663,0.6111111111111112,0.7222222222222222
70,1.9066908405122525,0.6111111111111112,0.7222222222222222
71,1.924350975230331,0.6111111111111112,0.7222222222222222
72,1.9421746814890257,0.6111111111111112,0.7222222222222222
73,1.9601634743191854,0.6111111111111112,0.7222222222222222
74,1.9783188827841642,0.6111111111111112,0.7222222222222222
75,1.996642450109794,0.6111111111111112,0.7222222222222222
76,2.0151357338155576,0.6111111111111112,0.7222222222222222
77,2.0338003058469813,0.6111111111111112,0.7222222222222222
78,2.052637752709252,0.6666666666666666,0.7222222222222222
79,2.071649675602069,0.6666666666666666,0.7222222222222222
80,2.0908376905557504,0.6666666666666666,0.7222222222222222
81,2.1102034285685956,0.6666666666666666,0.7222222222222222
82,2.12974853574552,0.6666666666666666,0.7222222222222222
83,2.14947467343798,0.6666666666666666,0.7222222222222222
84,2.1693835183851844,0.6666666666666666,0.7222222222222222
85,2.1894767628566214,0.6666666666666666,0.7222222222222222
86,2.209756114795902,0.6666666666666666,0.7222222222222222
87,2.2302232979659378,0.6666666666666666,0.7222222222222222
88,2.2508800520954613,0.6666666666666666,0.7222222222222222
89,2.2717281330269055,0.6666666666666666,0.7222222222222222
90,2.2927693128656492,0.6666666666666666,0.7222222222222222
91,2.314005380130653,0.6666666666666666,0.7222222222222222
92,2.3354381399064787,0.6666666666666666,0.7222222222222222
93,2.3570694139967276,0.6666666666666666,0.7222222222222222
94,2.3789010410788936,0.6666666666666666,0.7222222222222222
95,2.4009348768606524,0.6666666666666666,0.7222222222222222
96,2.4231727942375993,0.6666666666666666,0.7222222222222222
97,2.445616683452446,0.6666666666666666,0.7222222222222222
98,2.468268452255692,0.6666666666666666,0.7222222222222222
99,2.491130026067789,0.6666666666666666,0.7222222222222222
100,2.5142033481427974,0.6666666666666666,0.7222222222222222
101,2.5374903797335704,0.6666666666666666,0.7222222222222222
102,2.5609931002584587,0.6666666666666666,0.7222222222222222
103,2.5847135074695635,0.6666666666666666,0.7222222222222222
104,2.608653617622548,0.6666666666666666,0.7777777777777778
105,2.632815465648021,0.6666666666666666,0.7777777777777778
106,2.6572011053245053,0.6666666666666666,0.7777777777777778
107,2.681812609453015,0.6666666666666666,0.7777777777777778
108,2.7066520700332415,0.6666666666666666,0.7777777777777778
109,2.7317215984413767,0.6666666666666666,0.7777777777777778
110,2.7570233256095835,0.6666666666666666,0.7777777777777778
111,2.7825594022071245,0.6666666666666666,0.7777777777777778
112,2.808331998823172,0.6666666666666666,0.7777777777777778
113,2.8343433061513092,0.6666666666666666,0.7777777777777778
114,2.8605955351757424,0.6666666666666666,0.7777777777777778
115,2.887090917359236,0.6666666666666666,0.7777777777777778
116,2.9138317048327873,0.6666666666666666,0.7777777777777778
117,2.940820170587063,0.6666666666666666,0.7777777777777778
118,2.9680586086656024,0.6666666666666666,0.7777777777777778
119,2.9955493343598136,0.6666666666666666,0.8333333333333334
120,3.0232946844057773,0.6666666666666666,0.8333333333333334
121,3.0512970171828697,0.6666666666666666,0.8333333333333334
122,3.079558712914226,0.6666666666666666,0.8333333333333334
123,3.108082173869064,0.6666666666666666,0.8333333333333334
124,3.1368698245668774,0.6666666666666666,0.8333333333333334
125,3.1659241119835224,0.6666666666666666,0.8333333333333334
126,3.195247505759212,0.6666666666666666,0.8333333333333334
127,3.2248424984084414,0.6666666666666666,0.8333333333333334
128,3.254711605531848,0.6666666666666666,0.8333333333333334
129,3.2848573660300446,0.6666666666666666,0.8333333333333334
130,3.315282342319425,0.6666666666666666,0.8333333333333334
131,3.345989120549973,0.6666666666666666,0.8333333333333334
132,3.3769803108250906,0.6666666666666666,0.8333333333333334
133,3.408258547423452,0.6666666666666666,0.8333333333333334
134,3.4398264890229253,0.6666666666666666,0.8333333333333334
135,3.4716868189265613,0.7222222222222222,0.8333333333333334
136,3.503842245290674,0.7777777777777778,0.8333333333333334
137,3.536295501355042,0.7777777777777778,0.8333333333333334
138,3.5690493456752295,0.7777777777777778,0.8333333333333334
139,3.602106562357071,0.7777777777777778,0.8333333333333334
140,3.6354699612933197,0.7777777777777778,0.8333333333333334
141,3.6691423784024932,0.7777777777777778,0.8333333333333334
142,3.703126675869926,0.7777777777777778,0.8333333333333334
143,3.737425742391064,0.7777777777777778,0.8333333333333334
144,3.7720424934169983,0.7777777777777778,0.8333333333333334
145,3.806979871402286,0.7777777777777778,0.8333333333333334
146,3.84224084605506,0.7777777777777778,0.8333333333333334
147,3.877828414589456,0.7777777777777778,0.8333333333333334
148,3.913745601980384,0.7777777777777778,0.8333333333333334
149,3.949995461220644,0.7777777777777778,0.8333333333333334
150,3.9865810735804406,0.7777777777777778,0.8333333333333334
151,4.023505548869292,0.7777777777777778,0.8333333333333334
152,4.060772025700365,0.7777777777777778,0.8333333333333334
153,4.0983836717572615,0.7777777777777778,0.8333333333333334
154,4.136343684063275,0.7777777777777778,0.8333333333333334
155,4.174655289253137,0.8333333333333334,0.8333333333333334
156,4.213321743847288,0.8333333333333334,0.8333333333333334
157,4.252346334528682,0.8333333333333334,0.8333333333333334
158,4.291732378422157,0.8888888888888888,0.8333333333333334
159,4.3314832233764,0.8888888888888888,0.8333333333333334
160,4.371602248248505,0.8888888888888888,0.8333333333333334
161,4.412092863191189,0.8888888888888888,0.8333333333333334
162,4.452958509942655,0.8888888888888888,0.8333333333333334
163,4.494202662119142,0.8888888888888888,0.8333333333333334
164,4.535828825510188,0.8888888888888888,0.8333333333333334
165,4.577840538376619,0.8888888888888888,0.8333333333333334
166,4.6202413717513116,0.8888888888888888,0.8333333333333334
167,4.663034929742731,0.8888888888888888,0.8333333333333334
168,4.7062248498412815,0.8888888888888888,0.8333333333333334
169,4.749814803228501,0.8888888888888888,0.8333333333333334
170,4.79380849508911,0.8888888888888888,0.8333333333333334
171,4.838209664925956,0.8888888888888888,0.8333333333333334
172,4.8830220868778795,0.8888888888888888,0.8333333333333334
173,4.9282495700405144,0.8888888888888888,0.8333333333333334
174,4.973895958790064,0.8888888888888888,0.8333333333333334
175,5.019965133110082,0.8888888888888888,0.8333333333333334
176,5.066461008921268,0.8888888888888888,0.8333333333333334
177,5.113387538414326,0.8888888888888888,0.8333333333333334
178,5.160748710385909,0.8888888888888888,0.8333333333333334
179,5.208548550577661,0.8888888888888888,0.8333333333333334
180,5.256791122018422,0.8888888888888888,0.8333333333333334
181,5.305480525369573,0.8888888888888888,0.8333333333333334
182,5.354620899273607,0.8888888888888888,0.8333333333333334
183,5.404216420705916,0.8888888888888888,0.8333333333333334
184,5.454271305329834,0.8888888888888888,0.8333333333333334
185,5.50478980785497,0.8888888888888888,0.8333333333333334
186,5.555776222398876,0.8888888888888888,0.8333333333333334
187,5.607234882852032,0.8888888888888888,0.8333333333333334
188,5.659170163246244,0.8888888888888888,0.8333333333333334
189,5.711586478126432,0.8888888888888888,0.8333333333333334
190,5.764488282925877,0.8888888888888888,0.8333333333333334
191,5.8178800743449335,0.9444444444444444,0.8333333333333334
192,5.871766390733256,0.9444444444444444,0.8333333333333334
193,5.926151812475554,0.9444444444444444,0.8333333333333334
194,5.981040962380941,0.9444444444444444,0.8333333333333334
195,6.036438506075867,0.9444444444444444,0.8333333333333334
196,6.09234915240071,0.9444444444444444,0.8333333333333334
197,6.148777653810023,0.9444444444444444,0.8333333333333334
198,6.205728806776502,0.9444444444444444,0.8333333333333334
199,6.26320745219869,0.9444444444444444,0.8333333333333334
200,6.321218475812452,0.9444444444444444,0.8333333333333334
201,6.379766808606281,0.9444444444444444,0.8333333333333334
202,6.4388574272404195,0.9444444444444444,0.8333333333333334
203,6.49849535446989,0.9444444444444444,0.8333333333333334
204,6.558685659571432,0.9444444444444444,0.8333333333333334
205,6.619433458774393,0.9444444444444444,0.8333333333333334
206,6.680743915695613,0.9444444444444444,0.8333333333333334
207,6.742622241778342,0.9444444444444444,0.8333333333333334
208,6.805073696735208,0.9444444444444444,0.8333333333333334
209,6.868103588995304,0.9444444444444444,0.8333333333333334
210,6.931717276155406,0.9444444444444444,0.8333333333333334
211,6.995920165435373,0.9444444444444444,0.8333333333333334
212,7.060717714137773,0.9444444444444444,0.8333333333333334
213,7.1261154301117475,0.9444444444444444,0.8333333333333334
214,7.192118872221189,0.9444444444444444,0.8333333333333334
215,7.258733650817251,0.9444444444444444,0.8333333333333334
216,7.3259654282152304,0.9444444444444444,0.8333333333333334
217,7.393819919175866,0.9444444444444444,0.8333333333333334
218,7.46230289139111,0.9444444444444444,0.8333333333333334
219,7.531420165974372,0.9444444444444444,0.8333333333333334
220,7.6011776179553285,0.9444444444444444,0.8333333333333334
221,7.671581176779302,0.9444444444444444,0.8333333333333334
222,7.742636826811269,0.9444444444444444,0.8333333333333334
223,7.814350607844544,0.9444444444444444,0.8333333333333334
224,7.886728615614152,0.9444444444444444,0.8333333333333334
225,7.959777002314984,0.9444444444444444,0.8333333333333334
226,8.033501977124734,0.9444444444444444,0.8333333333333334
227,8.107909806731687,0.9444444444444444,0.8333333333333334
228,8.183006815867392,0.9444444444444444,0.8333333333333334
229,8.258799387844268,0.9444444444444444,0.8333333333333334
230,8.335293965098193,0.9444444444444444,0.8333333333333334
231,8.412497049736118,0.9444444444444444,0.8333333333333334
232,8.490415204088746,0.9444444444444444,0.8333333333333334
233,8.56905505126835,0.9444444444444444,0.8333333333333334
234,8.648423275731723,0.9444444444444444,0.8333333333333334
235,8.728526623848378,0.9444444444444444,0.8333333333333334
236,8.809371904473991,0.9444444444444444,0.8333333333333334
237,8.89096598952916,0.9444444444444444,0.8333333333333334
238,8.973315814583522,0.9444444444444444,0.8333333333333334
239,9.05642837944529,0.9444444444444444,0.8333333333333334
240,9.14031074875623,0.9444444444444444,0.8333333333333334
241,9.224970052592175,0.9444444444444444,0.8333333333333334
242,9.310413487069077,0.9444444444444444,0.8333333333333334
243,9.396648314954692,0.9444444444444444,0.8333333333333334
244,9.483681866285922,0.9444444444444444,0.8333333333333334
245,9.571521538991863,0.9444444444444444,0.8333333333333334
246,9.660174799522645,0.9444444444444444,0.8333333333333334
247,9.749649183484088,0.9444444444444444,0.8333333333333334
248,9.83995229627823,0.9444444444444444,0.8333333333333334
249,9.931091813749795,0.9444444444444444,0.8333333333333334
250,10.023075482838655,0.9444444444444444,0.8333333333333334
251,10.115911122238298,0.9444444444444444,0.8333333333333334
252,10.209606623060465,0.9444444444444444,0.8333333333333334
253,10.30416994950588,0.9444444444444444,0.8333333333333334
254,10.399609139541198,0.9444444444444444,0.8333333333333334
255,10.495932305582278,0.9444444444444444,0.8333333333333334
256,10.5931476351837,0.9444444444444444,0.8333333333333334
257,10.691263391734761,0.9444444444444444,0.8333333333333334
258,10.79028791516184,0.9444444444444444,0.8333333333333334
259,10.8902296226373,0.9444444444444444,0.8333333333333334
260,10.991097009294972,0.9444444444444444,0.8333333333333334
261,11.092898648952227,0.9444444444444444,0.8333333333333334
262,11.195643194838782,0.9444444444444444,0.8333333333333334
263,11.299339380332222,0.9444444444444444,0.8333333333333334
264,11.403996019700324,0.9444444444444444,0.8333333333333334
265,11.509622008850323,0.9444444444444444,0.8333333333333334
266,11.616226326085018,0.9444444444444444,0.8333333333333334
267,11.723818032865985,0.9444444444444444,0.8333333333333334
268,11.832406274583786,0.9444444444444444,0.8888888888888888
269,11.94200028133532,0.9444444444444444,0.8888888888888888
270,12.052609368708426,0.9444444444444444,0.8888888888888888
271,12.164242938573679,0.9444444444444444,0.8888888888888888
272,12.276910479883592,0.9444444444444444,0.8888888888888888
273,12.390621569479162,0.9444444444444444,0.8888888888888888
274,12.505385872903908,0.9444444444444444,0.8888888888888888
275,12.621213145225473,0.9444444444444444,0.8888888888888888
276,12.738113231864785,0.9444444444444444,0.8888888888888888
277,12.856096069432958,0.9444444444444444,0.8888888888888888
278,12.975171686575875,0.9444444444444444,0.8888888888888888
279,13.095350204826671,0.9444444444444444,0.8888888888888888
280,13.216641839466051,0.9444444444444444,0.8888888888888888
281,13.339056900390586,0.9444444444444444,0.8888888888888888
282,13.462605792989104,0.9444444444444444,0.8888888888888888
283,13.587299019027098,0.9444444444444444,0.8888888888888888
284,13.71314717753945,0.9444444444444444,0.8888888888888888
285,13.840160965731316,0.9444444444444444,0.8888888888888888
286,13.968351179887398,0.9444444444444444,0.8888888888888888
287,14.09772871628967,0.9444444444444444,0.8888888888888888
288,14.228304572143527,0.9444444444444444,0.8888888888888888
289,14.360089846512599,0.9444444444444444,0.8888888888888888
290,14.493095741262167,0.9444444444444444,0.8888888888888888
291,14.627333562011298,0.9444444444444444,0.8888888888888888
292,14.762814719093903,0.9444444444444444,0.9444444444444444
293,14.899550728528544,1.0,0.9444444444444444
294,15.037553212997377,1.0,0.9444444444444444
295,15.176833902834053,1.0,0.9444444444444444
296,15.317404637020799,1.0,0.9444444444444444
297,15.459277364194778,1.0,0.9444444444444444
298,15.602464143663688,1.0,0.9444444444444444
299,15.74697714643086,1.0,0.9444444444444444
300,15.89282865622978,1.0,0.9444444444444444
301,16.0400310705682,1.0,0.9444444444444444
302,16.188596901781985,1.0,0.9444444444444444
303,16.338538778098613,1.0,0.9444444444444444
304,16.48986944471065,1.0,0.9444444444444444
305,16.642601764859037,1.0,0.9444444444444444
306,16.79674872092653,1.0,0.9444444444444444
307,16.952323415541205,1.0,0.9444444444444444
308,17.109339072690144,1.0,0.9444444444444444
309,17.26780903884356,1.0,0.9444444444444444
310,17.42774678408919,1.0,0.9444444444444444
311,17.589165903277326,1.0,0.9444444444444444
312,17.75208011717635,1.0,0.9444444444444444
313,17.916503273639005,1.0,0.9444444444444444
314,18.082449348779516,1.0,0.9444444444444444
315,18.249932448161523,1.0,0.9444444444444444
316,18.41896680799711,1.0,0.9444444444444444
317,18.589566796356873,1.0,0.9444444444444444
318,18.761746914391203,1.0,0.9444444444444444
319,18.935521797562952,1.0,0.9444444444444444
320,19.11090621689138,1.0,0.9444444444444444
321,19.287915080207778,1.0,0.9444444444444444
322,19.46656343342262,1.0,0.9444444444444444
323,19.646866461804457,1.0,0.9444444444444444
324,19.828839491270713,1.0,0.9444444444444444
325,20.01249798969037,1.0,0.9444444444444444
326,20.197857568198785,1.0,0.9444444444444444
327,20.384933982524633,1.0,0.9444444444444444
328,20.573743134329128,1.0,0.9444444444444444
329,20.764301072557746,1.0,0.9444444444444444
330,20.956623994804332,1.0,0.9444444444444444
331,21.150728248687948,1.0,0.9444444444444444
332,21.346630333242445,1.0,0.9444444444444444
333,21.544346900318832,1.0,0.9444444444444444
334,21.7438947560008,1.0,0.9444444444444444
335,21.945290862033136,1.0,0.9444444444444444
336,22.14855233726359,1.0,0.9444444444444444
337,22.353696459097954,1.0,0.9444444444444444
338,22.560740664968602,1.0,0.9444444444444444
339,22.7697025538168,1.0,0.9444444444444444
340,22.98059988758851,1.0,0.9444444444444444
341,23.193450592744288,1.0,0.9444444444444444
342,23.408272761782932,1.0,0.9444444444444444
343,23.625084654779464,1.0,0.9444444444444444
344,23.843904700937205,1.0,0.9444444444444444
345,24.06475150015424,1.0,0.9444444444444444
346,24.287643824604515,1.0,0.9444444444444444
347,24.512600620333387,1.0,0.9444444444444444
348,24.73964100886813,1.0,0.9444444444444444
349,24.968784288843267,1.0,0.9444444444444444
350,25.200049937640923,1.0,0.9444444444444444
351,25.433457613046496,1.0,0.9444444444444444
352,25.669027154919505,1.0,0.9444444444444444
353,25.906778586880076,1.0,0.9444444444444444
354,26.14673211801092,1.0,0.9444444444444444
355,26.388908144575105,1.0,0.9444444444444444
356,26.633327251749822,1.0,0.9444444444444444
357,26.88001021537606,1.0,0.9444444444444444
358,27.128978003724658,1.0,0.9444444444444444
359,27.380251779278577,1.0,0.9444444444444444
360,27.6338529005317,1.0,0.9444444444444444
361,27.88980292380441,1.0,0.9444444444444444
362,28.1481236050758,1.0,0.9444444444444444
363,28.408836901833027,1.0,0.9444444444444444
364,28.671964974937698,1.0,0.9444444444444444
365,28.937530190509502,1.0,0.9444444444444444
366,29.205555121827466,1.0,0.9444444444444444
367,29.47606255124857,1.0,0.9444444444444444
368,29.749075472144405,1.0,0.9444444444444444
369,30.024617090855493,1.0,0.9444444444444444
370,30.30271082866396,1.0,0.9444444444444444
371,30.583380323784333,1.0,0.9444444444444444
372,30.86664943337273,1.0,0.9444444444444444
373,31.15254223555488,1.0,0.9444444444444444
374,31.441083031472647,1.0,0.9444444444444444
375,31.732296347349763,1.0,0.9444444444444444
376,32.02620693657652,1.0,0.9444444444444444
377,32.32283978181379,1.0,0.9444444444444444
378,32.622220097116696,1.0,0.9444444444444444
379,32.924373330077685,1.0,0.9444444444444444
380,33.229325163989714,1.0,0.9444444444444444
381,33.5371015200293,1.0,0.9444444444444444
382,33.84772855945981,1.0,0.9444444444444444
383,34.16123268585528,1.0,0.9444444444444444
384,34.47764054734464,1.0,0.9444444444444444
385,34.79697903887691,1.0,0.9444444444444444
386,35.1192753045073,1.0,0.9444444444444444
387,35.44455673970434,1.0,0.9444444444444444
388,35.77285099367874,1.0,0.9444444444444444
389,36.10418597173337,1.0,0.9444444444444444
390,36.43858983763545,1.0,0.9444444444444444
391,36.77609101601033,1.0,0.9444444444444444
392,37.11671819475765,1.0,0.9444444444444444
393,37.46050032748993,1.0,0.9444444444444444
394,37.80746663599349,1.0,0.9444444444444444
395,38.15764661271248,1.0,0.9444444444444444
396,38.511070023255705,1.0,0.9444444444444444
397,38.867766908926654,1.0,0.9444444444444444
398,39.22776758927719,1.0,0.9444444444444444
399,39.591102664684584,1.0,0.9444444444444444
400,39.957803018952696,1.0,0.9444444444444444
401,40.32789982193707,1.0,0.9444444444444444
402,40.701424532194366,1.0,0.9444444444444444
403,41.078408899656466,1.0,0.9444444444444444
404,41.45888496832911,1.0,0.9444444444444444
405,41.84288507901582,1.0,0.9444444444444444
406,42.23044187206674,1.0,0.9444444444444444
407,42.62158829015323,1.0,0.9444444444444444
408,43.01635758106795,1.0,0.9444444444444444
409,43.41478330055092,1.0,0.9444444444444444
410,43.816899315141924,1.0,0.9444444444444444
411,44.22273980505899,1.0,0.9444444444444444
412,44.63233926710395,1.0,0.9444444444444444
413,45.04573251759459,1.0,0.9444444444444444
414,45.462954695323994,1.0,0.9444444444444444
415,45.88404126454759,1.0,0.9444444444444444
416,46.30902801799739,1.0,0.9444444444444444
417,46.73795107992461,1.0,0.9444444444444444
418,47.17084690917017,1.0,0.9444444444444444
419,47.607752302263684,1.0,0.9444444444444444
420,48.048704396551315,1.0,0.9444444444444444
421,48.493740673352356,1.0,0.9444444444444444
422,48.94289896114529,1.0,0.9444444444444444
423,49.396217438783204,1.0,0.9444444444444444
424,49.853734638738935,1.0,0.9444444444444444
425,50.31548945038054,1.0,0.9444444444444444
426,50.78152112327673,1.0,0.9444444444444444
427,51.2518692705333,1.0,0.9444444444444444
428,51.72657387216019,1.0,0.9444444444444444
429,52.205675278469755,1.0,0.9444444444444444
430,52.689214213506744,1.0,0.9444444444444444
431,53.17723177850969,1.0,0.9444444444444444
432,53.66976945540476,1.0,0.9444444444444444
433,54.16686911033152,1.0,0.9444444444444444
434,54.66857299720181,1.0,0.9444444444444444
435,55.17492376129126,1.0,0.9444444444444444
436,55.68596444286412,1.0,0.9444444444444444
437,56.20173848083188,1.0,0.9444444444444444
438,56.72228971644544,1.0,0.9444444444444444
439,57.247662397021784,1.0,0.9444444444444444
440,57.77790117970504,1.0,0.9444444444444444
441,58.313051135262214,1.0,0.9444444444444444
442,58.8531577519145,1.0,0.9444444444444444
443,59.398266939203566,1.0,0.9444444444444444
444,59.94842503189409,1.0,0.9444444444444444
445,60.503678793912215,1.0,0.9444444444444444
446,61.06407542232039,1.0,0.9444444444444444
447,61.629662551329425,1.0,0.9444444444444444
448,62.200488256347114,1.0,0.9444444444444444
449,62.776601058065,1.0,0.9444444444444444
450,63.35804992658251,1.0,0.9444444444444444
451,63.9448842855694,1.0,0.9444444444444444
452,64.53715401646701,1.0,0.9444444444444444
453,65.13490946272803,1.0,0.9444444444444444
454,65.73820143409586,1.0,0.9444444444444444
455,66.34708121092348,1.0,0.9444444444444444
456,66.96160054853219,1.0,0.9444444444444444
457,67.5818116816111,1.0,0.9444444444444444
458,68.20776732865686,1.0,0.9444444444444444
459,68.83952069645497,1.0,0.9444444444444444
460,69.47712548460237,1.0,0.9444444444444444
461,70.12063589007181,1.0,0.9444444444444444
462,70.77010661181889,1.0,0.9444444444444444
463,71.42559285543126,1.0,0.9444444444444444
464,72.08715033782136,1.0,0.9444444444444444
465,72.7548352919623,1.0,0.9444444444444444
466,73.42870447166761,1.0,0.9444444444444444
467,74.1088151564157,1.0,0.9444444444444444
468,74.79522515621821,1.0,0.9444444444444444
469,75.48799281653436,1.0,0.9444444444444444
470,76.18717702322995,1.0,0.9444444444444444
471,76.8928372075831,1.0,0.9444444444444444
472,77.6050333513357,1.0,0.9444444444444444
473,78.32382599179196,1.0,0.9444444444444444
474,79.04927622696424,1.0,0.9444444444444444
475,79.78144572076624,1.0,0.9444444444444444
476,80.52039670825474,1.0,0.9444444444444444
477,81.26619200091946,1.0,0.9444444444444444
478,82.01889499202203,1.0,0.9444444444444444
479,82.77856966198476,1.0,0.9444444444444444
480,83.54528058382867,1.0,0.9444444444444444
481,84.31909292866256,1.0,0.9444444444444444
482,85.10007247122246,1.0,0.9444444444444444
483,85.88828559546249,1.0,0.9444444444444444
484,86.68379930019779,1.0,0.9444444444444444
485,87.4866812047991,1.0,0.9444444444444444
486,88.29699955494087,1.0,0.9444444444444444
487,89.11482322840202,1.0,0.9444444444444444
488,89.94022174092044,1.0,0.9444444444444444
489,90.77326525210228,1.0,0.9444444444444444
490,91.61402457138516,1.0,0.9444444444444444
491,92.46257116405738,1.0,0.9444444444444444
492,93.31897715733238,1.0,0.9444444444444444
493,94.18331534647952,1.0,0.9444444444444444
494,95.05565920101196,1.0,0.9444444444444444
495,95.93608287093141,1.0,0.9444444444444444
496,96.82466119303123,1.0,0.9444444444444444
497,97.72146969725725,1.0,0.9444444444444444
498,98.6265846131282,1.0,0.9444444444444444
499,99.54008287621524,1.0,0.9444444444444444
500,100.46204213468131,1.0,0.9444444444444444
501,101.39254075588153,1.0,0.9444444444444444
502,102.3316578330245,1.0,0.9444444444444444
503,103.27947319189515,1.0,0.9444444444444444
504,104.23606739764011,1.0,0.9444444444444444
505,105.20152176161591,1.0,0.9444444444444444
506,106.17591834830002,1.0,0.9444444444444444
507,107.15933998226711,1.0,0.9444444444444444
508,108.15187025522881,1.0,0.9444444444444444
509,109.1535935331391,1.0,0.9444444444444444
510,110.16459496336569,1.0,0.9444444444444444
511,111.1849604819271,1.0,0.9444444444444444
512,112.21477682079802,1.0,0.9444444444444444
513,113.25413151528114,1.0,0.9444444444444444
514,114.30311291144787,1.0,0.9444444444444444
515,115.36181017364785,1.0,0.9444444444444444
516,116.43031329208767,1.0,0.9444444444444444
517,117.50871309048075,1.0,0.9444444444444444
518,118.59710123376694,1.0,0.9444444444444444
519,119.69557023590428,1.0,0.9444444444444444
520,120.8042134677329,1.0,0.9444444444444444
521,121.92312516491107,1.0,0.9444444444444444
522,123.05240043592616,1.0,0.9444444444444444
523,124.19213527017834,1.0,0.9444444444444444
524,125.34242654613995,1.0,0.9444444444444444
525,126.50337203959037,1.0,0.9444444444444444
526,127.67507043192657,1.0,0.9444444444444444
527,128.8576213185518,1.0,0.9444444444444444
528,130.05112521734085,1.0,0.9444444444444444
529,131.25568357718427,1.0,0.9444444444444444
530,132.47139878661176,1.0,0.9444444444444444
531,133.69837418249466,1.0,0.9444444444444444
532,134.93671405883066,1.0,0.9444444444444444
533,136.18652367560813,1.0,0.9444444444444444
534,137.44790926775366,1.0,0.9444444444444444
535,138.7209780541621,1.0,0.9444444444444444
536,140.00583824680976,1.0,0.9444444444444444
537,141.30259905995337,1.0,0.9444444444444444
538,142.61137071941283,1.0,0.9444444444444444
539,143.93226447194064,1.0,0.9444444444444444
540,145.26539259467813,1.0,0.9444444444444444
541,146.61086840469844,1.0,0.9444444444444444
542,147.96880626863964,1.0,0.9444444444444444
543,149.33932161242518,1.0,0.9444444444444444
544,150.72253093107557,1.0,0.9444444444444444
545,152.1185517986105,1.0,0.9444444444444444
546,153.52750287804227,1.0,0.9444444444444444
547,154.94950393146317,1.0,0.9444444444444444
548,156.3846758302246,1.0,0.9444444444444444
549,157.8331405652118,1.0,0.9444444444444444
550,159.29502125721228,1.0,0.9444444444444444
551,160.77044216738236,1.0,0.9444444444444444
552,162.25952870780873,1.0,0.9444444444444444
553,163.76240745216873,1.0,0.9444444444444444
554,165.27920614648954,1.0,0.9444444444444444
555,166.81005372000593,1.0,0.9444444444444444
556,168.35508029612024,1.0,0.9444444444444444
557,169.9144172034626,1.0,0.9444444444444444
558,171.48819698705393,1.0,0.9444444444444444
559,173.07655341957258,1.0,0.9444444444444444
560,174.67962151272457,1.0,0.9444444444444444
561,176.29753752872057,1.0,0.9444444444444444
562,177.93043899185773,1.0,0.9444444444444444
563,179.5784647002095,1.0,0.9444444444444444
564,181.24175473742378,1.0,0.9444444444444444
565,182.92045048462938,1.0,0.9444444444444444
566,184.61469463245476,1.0,0.9444444444444444
567,186.324631193156,1.0,0.9444444444444444
568,188.05040551285816,1.0,0.9444444444444444
569,189.79216428391015,1.0,0.9444444444444444
570,191.55005555735278,1.0,0.9444444444444444
571,193.32422875550452,1.0,0.9444444444444444
572,195.11483468466164,1.0,0.9444444444444444
573,196.92202554791714,1.0,0.9444444444444444
574,198.74595495809837,1.0,0.9444444444444444
575,200.5867779508234,1.0,0.9444444444444444
576,202.44465099768038,1.0,0.9444444444444444
577,204.31973201952704,1.0,0.9444444444444444
578,206.21218039991425,1.0,0.9444444444444444
579,208.12215699863393,1.0,0.9444444444444444
580,210.04982416539153,1.0,0.9444444444444444
581,211.9953457536071,1.0,0.9444444444444444
582,213.95888713434215,1.0,0.9444444444444444
583,215.94061521035653,1.0,0.9444444444444444
584,217.94069843029558,1.0,0.9444444444444444
585,219.95930680300748,1.0,0.9444444444444444
586,221.99661191199547,1.0,0.9444444444444444
587,224.05278693000182,1.0,0.9444444444444444
588,226.12800663372772,1.0,0.9444444444444444
589,228.22244741868985,1.0,0.9444444444444444
590,230.33628731421314,1.0,0.9444444444444444
591,232.4697059985648,1.0,0.9444444444444444
592,234.62288481422624,1.0,0.9444444444444444
593,236.79600678330763,1.0,0.9444444444444444
594,238.98925662310504,1.0,0.9444444444444444
595,241.2028207618007,1.0,0.9444444444444444
596,243.43688735431104,1.0,0.9444444444444444
597,245.691646298279,1.0,0.9444444444444444
598,247.96728925021577,1.0,0.9444444444444444
599,250.26400964179192,1.0,0.9444444444444444
600,252.58200269627847,1.0,0.9444444444444444
601,254.9214654451423,1.0,0.9444444444444444
602,257.28259674479324,1.0,0.9444444444444444
603,259.665597293487,1.0,0.9444444444444444
604,262.07066964838526,1.0,0.9444444444444444
605,264.498018242772,1.0,0.9444444444444444
606,266.9478494034321,1.0,0.9444444444444444
607,269.4203713681882,1.0,0.9444444444444444
608,271.9157943036019,1.0,0.9444444444444444
609,274.43433032283656,1.0,0.9444444444444444
610,276.9761935036891,1.0,0.9444444444444444
611,279.5415999067856,1.0,0.9444444444444444
612,282.1307675939471,1.0,0.9444444444444444
613,284.74391664672476,1.0,0.9444444444444444
614,287.38126918510665,1.0,0.9444444444444444
615,290.04304938639916,1.0,0.9444444444444444
616,292.7294835042816,1.0,0.9444444444444444
617,295.440799888038,1.0,0.9444444444444444
618,298.17722900196736,1.0,0.9444444444444444
619,300.9390034449721,1.0,0.9444444444444444
620,303.72635797033115,1.0,0.9444444444444444
621,306.5395295056527,1.0,0.9444444444444444
622,309.3787571730137,1.0,0.9444444444444444
623,312.2442823092858,1.0,0.9444444444444444
624,315.13634848664793,1.0,0.9444444444444444
625,318.05520153329195,1.0,0.9444444444444444
626,321.00108955431716,1.0,0.9444444444444444
627,323.9742629528196,1.0,0.9444444444444444
628,326.9749744511768,1.0,0.9444444444444444
629,330.0034791125285,1.0,0.9444444444444444
630,333.06003436245885,1.0,0.9444444444444444
631,336.1449000108765,1.0,0.9444444444444444
632,339.2583382740992,1.0,0.9444444444444444
633,342.40061379714257,1.0,0.9444444444444444
634,345.57199367621394,1.0,0.9444444444444444
635,348.77274748141775,1.0,0.9444444444444444
636,352.00314727966787,1.0,0.9444444444444444
637,355.2634676578139,1.0,0.9444444444444444
638,358.5539857459817,1.0,0.9444444444444444
639,361.874981241128,1.0,0.9444444444444444
640,365.22673643081754,1.0,0.9444444444444444
641,368.6095362172158,1.0,0.9444444444444444
642,372.0236681413066,1.0,0.9444444444444444
643,375.4694224073337,1.0,0.9444444444444444
644,378.94709190746676,1.0,0.9444444444444444
645,382.45697224669993,1.0,0.9444444444444444
646,385.9993617679767,1.0,0.9444444444444444
647,389.5745615775501,1.0,0.9444444444444444
648,393.18287557057704,1.0,0.9444444444444444
649,396.82461045694816,1.0,0.9444444444444444
650,400.5000757873611,1.0,0.9444444444444444
651,404.20958397963057,1.0,0.9444444444444444
652,407.9534503452449,1.0,0.9444444444444444
653,411.7319931161679,1.0,0.9444444444444444
654,415.54553347188755,1.0,0.9444444444444444
655,419.39439556671863,1.0,0.9444444444444444
656,423.27890655735484,1.0,0.9444444444444444
657,427.19939663067765,1.0,0.9444444444444444
658,431.15619903182284,1.0,0.9444444444444444
659,435.149650092505,1.0,0.9444444444444444
660,439.1800892596086,1.0,0.9444444444444444
661,443.2478591240396,1.0,0.9444444444444444
662,447.3533054498463,1.0,0.9444444444444444
663,451.4967772036102,1.0,0.9444444444444444
664,455.6786265841064,1.0,0.9444444444444444
665,459.8992090522438,1.0,0.9444444444444444
666,464.15888336127773,1.0,0.9444444444444444
667,468.4580115873045,1.0,0.9444444444444444
668,472.7969591600391,1.0,0.9444444444444444
669,477.17609489387456,1.0,0.9444444444444444
670,481.5957910192351,1.0,0.9444444444444444
671,486.0564232142134,1.0,0.9444444444444444
672,490.55837063650455,1.0,0.9444444444444444
673,495.1020159556351,1.0,0.9444444444444444
674,499.68774538548837,1.0,0.9444444444444444
675,504.3159487171359,1.0,0.9444444444444444
676,508.98701935196794,1.0,0.9444444444444444
677,513.7013543351344,1.0,0.9444444444444444
678,518.4593543892913,1.0,0.9444444444444444
679,523.2614239486662,1.0,0.9444444444444444
680,528.1079711934331,1.0,0.9444444444444444
681,532.9994080844087,1.0,0.9444444444444444
682,537.9361503980704,1.0,0.9444444444444444
683,542.9186177618943,1.0,0.9444444444444444
684,547.9472336900287,1.0,0.9444444444444444
685,553.0224256192901,1.0,0.9444444444444444
686,558.144624945496,1.0,0.9444444444444444
687,563.3142670601358,1.0,0.9444444444444444
688,568.5317913873754,1.0,0.9444444444444444
689,573.7976414214133,1.0,0.9444444444444444
690,579.1122647641758,1.0,0.9444444444444444
691,584.4761131633632,1.0,0.9444444444444444
692,589.8896425508499,1.0,0.9444444444444444
693,595.353313081437,1.0,0.9444444444444444
694,600.8675891719687,1.0,0.9444444444444444
695,606.4329395408062,1.0,0.9444444444444444
696,612.0498372476696,1.0,0.9444444444444444
697,617.7187597338494,1.0,0.9444444444444444
698,623.4401888627864,1.0,0.9444444444444444
699,629.2146109610344,1.0,0.9444444444444444
700,635.0425168595962,1.0,0.9444444444444444
701,640.924401935645,1.0,0.9444444444444444
702,646.8607661546328,1.0,0.9444444444444444
703,652.8521141127848,1.0,0.9444444444444444
704,658.898955079995,1.0,0.9444444444444444
705,665.0018030431119,1.0,0.9444444444444444
706,671.161176749628,1.0,0.9444444444444444
707,677.3775997517752,1.0,0.9444444444444444
708,683.6516004510238,1.0,0.9444444444444444
709,689.9837121430019,1.0,0.9444444444444444
710,696.3744730628222,1.0,0.9444444444444444
711,702.8244264308346,1.0,0.9444444444444444
712,709.3341204987997,1.0,0.9444444444444444
713,715.9041085964889,1.0,0.9444444444444444
714,722.5349491787214,1.0,0.9444444444444444
715,729.2272058728313,1.0,0.9444444444444444
716,735.9814475265764,1.0,0.9444444444444444
717,742.7982482564919,1.0,0.9444444444444444
718,749.6781874966877,1.0,0.9444444444444444
719,756.6218500481056,1.0,0.9444444444444444
720,763.6298261282242,1.0,0.9444444444444444
721,770.7027114212295,1.0,0.9444444444444444
722,777.841107128649,1.0,0.9444444444444444
723,785.0456200204509,1.0,0.9444444444444444
724,792.3168624866254,1.0,0.9444444444444444
725,799.6554525892346,1.0,0.9444444444444444
726,807.0620141149499,1.0,0.9444444444444444
727,814.5371766280746,1.0,0.9444444444444444
728,822.0815755240541,1.0,0.9444444444444444
729,829.6958520834906,1.0,0.9444444444444444
730,837.380653526649,1.0,0.9444444444444444
731,845.1366330684713,1.0,0.9444444444444444
732,852.9644499741025,1.0,0.9444444444444444
733,860.8647696149245,1.0,0.9444444444444444
734,868.8382635251185,1.0,0.9444444444444444
735,876.8856094587427,1.0,0.9444444444444444
736,885.0074914473439,1.0,0.9444444444444444
737,893.2045998580968,1.0,0.9444444444444444
738,901.4776314524918,1.0,0.9444444444444444
739,909.8272894455558,1.0,0.9444444444444444
740,918.2542835656282,1.0,0.9444444444444444
741,926.7593301146883,1.0,0.9444444444444444
742,935.3431520292387,1.0,0.9444444444444444
743,944.0064789417603,1.0,0.9444444444444444
744,952.750047242729,1.0,0.9444444444444444
745,961.5746001432095,1.0,0.9444444444444444
746,970.4808877380307,1.0,0.9444444444444444
747,979.4696670695396,1.0,0.9444444444444444
748,988.5417021919574,1.0,0.9444444444444444
749,997.6977642363202,1.0,0.9444444444444444
750,1006.9386314760271,1.0,0.9444444444444444
751,1016.2650893929952,1.0,0.9444444444444444
752,1025.677930744422,1.0,0.9444444444444444
753,1035.1779556301763,1.0,0.9444444444444444
754,1044.7659715608042,1.0,0.9444444444444444
755,1054.4427935261685,1.0,0.9444444444444444
756,1064.2092440647245,1.0,0.9444444444444444
757,1074.0661533334335,1.0,0.9444444444444444
758,1084.014359178331,1.0,0.9444444444444444
759,1094.0547072057425,1.0,0.9444444444444444
760,1104.18805085416,1.0,0.9444444444444444
761,1114.415251466788,1.0,0.9444444444444444
762,1124.737178364752,1.0,0.9444444444444444
763,1135.154708920999,1.0,0.9444444444444444
764,1145.6687286348715,1.0,0.9444444444444444
765,1156.2801312073755,1.0,0.9444444444444444
766,1166.9898186171474,1.0,0.9444444444444444
767,1177.7987011971193,1.0,0.9444444444444444
768,1188.7076977119034,1.0,0.9444444444444444
769,1199.7177354358844,1.0,0.9444444444444444
770,1210.8297502320395,1.0,0.9444444444444444
771,1222.0446866314887,1.0,0.9444444444444444
772,1233.363497913776,1.0,0.9444444444444444
773,1244.787146187906,1.0,0.9444444444444444
774,1256.3166024741201,1.0,0.9444444444444444
775,1267.9528467864338,1.0,0.9444444444444444
776,1279.6968682159415,1.0,0.9444444444444444
777,1291.549665014884,1.0,0.9444444444444444
778,1303.512244681509,1.0,1.0
779,1315.5856240457038,1.0,1.0
780,1327.770829355429,1.0,1.0
781,1340.0688963639507,1.0,1.0
782,1352.4808704178754,1.0,1.0
783,1365.0078065460139,1.0,1.0
784,1377.6507695490536,1.0,1.0
785,1390.4108340900696,1.0,1.0
786,1403.2890847858732,1.0,1.0
787,1416.2866162991988,1.0,1.0
788,1429.4045334317611,1.0,1.0
789,1442.6439512181573,1.0,1.0
790,1456.0059950206485,1.0,1.0
791,1469.4918006248172,1.0,1.0
792,1483.1025143361044,1.0,1.0
793,1496.8392930772557,1.0,1.0
794,1510.7033044866541,1.0,1.0
795,1524.695727017573,1.0,1.0
796,1538.8177500383463,1.0,1.0
797,1553.07057393346,1.0,1.0
798,1567.455410205595,1.0,1.0
799,1581.9734815785998,1.0,1.0
800,1596.6260221014252,1.0,1.0
801,1611.41427725302,1.0,1.0
802,1626.3395040481923,1.0,1.0
803,1641.4029711444664,1.0,1.0
804,1656.6059589499134,1.0,1.0
805,1671.94975973199,1.0,1.0
806,1687.4356777273756,1.0,1.0
807,1703.0650292528444,1.0,1.0
808,1718.8391428171456,1.0,1.0
809,1734.7593592339308,1.0,1.0
810,1750.827031735725,1.0,1.0
811,1767.0435260889467,1.0,1.0
812,1783.4102207100082,1.0,1.0
813,1799.9285067824765,1.0,1.0
814,1816.5997883753266,1.0,1.0
815,1833.4254825622907,1.0,1.0
816,1850.4070195423021,1.0,1.0
817,1867.545842761076,1.0,1.0
818,1884.8434090337953,1.0,1.0
819,1902.301188668944,1.0,1.0
820,1919.9206655932849,1.0,1.0
821,1937.703337477989,1.0,1.0
822,1955.650715865949,1.0,1.0
823,1973.7643263002553,1.0,1.0
824,1992.0457084538693,1.0,1.0
825,2010.496416260499,1.0,1.0
826,2029.1180180466781,1.0,1.0
827,2047.9120966650855,1.0,1.0
828,2066.880249629082,1.0,1.0
829,2086.0240892485026,1.0,1.0
830,2105.345242766706,1.0,1.0
831,2124.8453524988827,1.0,1.0
832,2144.5260759716675,1.0,1.0
833,2164.3890860640204,1.0,1.0
834,2184.436071149426,1.0,1.0
835,2204.6687352394097,1.0,1.0
836,2225.0887981283695,1.0,1.0
837,2245.697995539774,1.0,1.0
838,2266.498079273693,1.0,1.0
839,2287.490817355702,1.0,1.0
840,2308.6779941871696,1.0,1.0
841,2330.0614106969247,1.0,1.0
842,2351.6428844943484,1.0,1.0
843,2373.424250023866,1.0,1.0
844,2395.407358720877,1.0,1.0
845,2417.594079169131,1.0,1.0
846,2439.98629725955,1.0,1.0
847,2462.5859163505465,1.0,1.0
848,2485.3948574297983,1.0,1.0
849,2508.4150592775386,1.0,1.0
850,2531.6484786313554,1.0,1.0
851,2555.097090352507,1.0,1.0
852,2578.7628875938008,1.0,1.0
853,2602.6478819690046,1.0,1.0
854,2626.7541037238357,1.0,1.0
855,2651.083601908539,1.0,1.0
856,2675.6384445520453,1.0,1.0
857,2700.4207188377727,1.0,1.0
858,2725.432531281028,1.0,1.0
859,2750.6760079080645,1.0,1.0
860,2776.153294436801,1.0,1.0
861,2801.866556459195,1.0,1.0
862,2827.817979625341,1.0,1.0
863,2854.0097698292375,1.0,1.0
864,2880.4441533962977,1.0,1.0
865,2907.123377272578,1.0,1.0
866,2934.049709215787,1.0,1.0
867,2961.2254379880346,1.0,1.0
868,2988.6528735503825,1.0,1.0
869,3016.3343472591973,1.0,1.0
870,3044.272212064303,1.0,1.0
871,3072.4688427090036,1.0,1.0
872,3100.9266359319267,1.0,1.0
873,3129.6480106707504,1.0,1.0
874,3158.635408267819,1.0,1.0
875,3187.8912926776457,1.0,1.0
876,3217.4181506763716,1.0,1.0
877,3247.218492073129,1.0,1.0
878,3277.294849923382,1.0,1.0
879,3307.6497807442424,1.0,1.0
880,3338.285864731761,1.0,1.0
881,3369.2057059802673,1.0,1.0
882,3400.411932703706,1.0,1.0
883,3431.9071974590424,1.0,1.0
884,3463.6941773717344,1.0,1.0
885,3495.775574363275,1.0,1.0
886,3528.154115380883,1.0,1.0
887,3560.832552629278,1.0,1.0
888,3593.813663804626,1.0,1.0
889,3627.1002523306483,1.0,1.0
890,3660.695147596902,1.0,1.0
891,3694.6012051993025,1.0,1.0
892,3728.8213071828336,1.0,1.0
893,3763.3583622865326,1.0,1.0
894,3798.215306190736,1.0,1.0
895,3833.3951017666013,1.0,1.0
896,3868.9007393279753,1.0,1.0
897,3904.73523688556,1.0,1.0
898,3940.901640403448,1.0,1.0
899,3977.403024058037,1.0,1.0
900,4014.242490499322,1.0,1.0
901,4051.423171114647,1.0,1.0
902,4088.9482262948604,1.0,1.0
903,4126.820845702951,1.0,1.0
904,4165.044248545185,1.0,1.0
905,4203.6216838447135,1.0,1.0
906,4242.556430717777,1.0,1.0
907,4281.851798652411,1.0,1.0
908,4321.511127789762,1.0,1.0
909,4361.537789208006,1.0,1.0
910,4401.935185208875,1.0,1.0
911,4442.706749606883,1.0,1.0
912,4483.855948021186,1.0,1.0
913,4525.386278170166,1.0,1.0
914,4567.301270168747,1.0,1.0
915,4609.604486828433,1.0,1.0
916,4652.29952396019,1.0,1.0
917,4695.390010680058,1.0,1.0
918,4738.879609717651,1.0,1.0
919,4782.772017727485,1.0,1.0
920,4827.070965603183,1.0,1.0
921,4871.780218794631,1.0,1.0
922,4916.903577628026,1.0,1.0
923,4962.444877628914,1.0,1.0
924,5008.407989848212,1.0,1.0
925,5054.79682119124,1.0,1.0
926,5101.6153147498335,1.0,1.0
927,5148.867450137493,1.0,1.0
928,5196.557243827658,1.0,1.0
929,5244.688749495119,1.0,1.0
930,5293.266058360561,1.0,1.0
931,5342.293299538353,1.0,1.0
932,5391.7746403875,1.0,1.0
933,5441.714286865893,1.0,1.0
934,5492.116483887789,1.0,1.0
935,5542.985515684669,1.0,1.0
936,5594.325706169378,1.0,1.0
937,5646.141419303667,1.0,1.0
938,5698.437059469142,1.0,1.0
939,5751.217071841614,1.0,1.0
940,5804.485942768978,1.0,1.0
941,5858.248200152536,1.0,1.0
942,5912.508413831875,1.0,1.0
943,5967.271195973317,1.0,1.0
944,6022.541201461928,1.0,1.0
945,6078.32312829723,1.0,1.0
946,6134.621717992506,1.0,1.0
947,6191.441755977841,1.0,1.0
948,6248.788072006894,1.0,1.0
949,6306.6655405674055,1.0,1.0
950,6365.079081295571,1.0,1.0
951,6424.033659394191,1.0,1.0
952,6483.534286054721,1.0,1.0
953,6543.586018883236,1.0,1.0
954,6604.193962330305,1.0,1.0
955,6665.363268124914,1.0,1.0
956,6727.099135712337,1.0,1.0
957,6789.406812696106,1.0,1.0
958,6852.291595284064,1.0,1.0
959,6915.758828738525,1.0,1.0
960,6979.81390783066,1.0,1.0
961,7044.462277299037,1.0,1.0
962,7109.709432312431,1.0,1.0
963,7175.560918936929,1.0,1.0
964,7242.022334607315,1.0,1.0
965,7309.099328602911,1.0,1.0
966,7376.79760252773,1.0,1.0
967,7445.122910795136,1.0,1.0
968,7514.08106111697,1.0,1.0
969,7583.677914997191,1.0,1.0
970,7653.919388230148,1.0,1.0
971,7724.8114514034005,1.0,1.0
972,7796.360130405229,1.0,1.0
973,7868.571506936852,1.0,1.0
974,7941.45171902934,1.0,1.0
975,8015.006961565405,1.0,1.0
976,8089.243486805938,1.0,1.0
977,8164.167604921464,1.0,1.0
978,8239.78568452852,1.0,1.0
979,8316.104153230961,1.0,1.0
980,8393.129498166365,1.0,1.0
981,8470.868266557402,1.0,1.0
982,8549.327066268375,1.0,1.0
983,8628.512566366895,1.0,1.0
984,8708.431497690724,1.0,1.0
985,8789.090653419955,1.0,1.0
986,8870.496889654403,1.0,1.0
987,8952.657125996391,1.0,1.0
988,9035.57834613893,1.0,1.0
989,9119.267598459299,1.0,1.0
990,9203.73199661822,1.0,1.0
991,9288.978720164498,1.0,1.0
992,9375.015015145289,1.0,1.0
993,9461.848194722003,1.0,1.0
994,9549.485639791967,1.0,1.0
995,9637.934799615785,1.0,1.0
996,9727.203192450537,1.0,1.0
997,9817.29840618884,1.0,1.0
998,9908.228099003798,1.0,1.0
999,10000.0,1.0,1.0
