tau,SCS-3.0,COSMO
1.0,0.9675,0.44625
1.0092621909870476,0.9675,0.44625
1.0186101701559758,0.9675,0.44625
1.0280447320933093,0.9675,0.44625
1.0375666787451858,0.9675,0.44625
1.0471768194855202,0.9675,0.44625
1.0568759711848041,0.9675,0.44625
1.0666649582795393,0.9675,0.44625
1.0765446128423155,0.9675,0.44625
1.0865157746525382,0.9675,0.44625
1.0965792912678098,0.9675,0.44625
1.1067360180959736,0.9675,0.44625
1.116986818467823,0.9675,0.44625
1.1273325637104867,0.9675,0.44625
1.1377741332214912,0.9675,0.44625
1.148312414543511,0.9675,0.44625
1.158948303439811,0.9675,0.44625
1.1696827039703852,0.9675,0.44625
1.180516528568805,0.9675,0.44625
1.1914506981197759,0.9675,0.44625
1.2024861420374122,0.9675,0.4475
1.2136237983442408,0.9675,0.4475
1.2248646137509314,0.9675,0.4475
1.2362095437367686,0.9675,0.4475
1.2476595526308696,0.9675,0.4475
1.259215613694151,0.9675,0.4475
1.2708787092020586,0.9675,0.4475
1.2826498305280605,0.9675,0.4475
1.2945299782279156,0.9675,0.4475
1.306520162124721,0.9675,0.4475
1.3186214013947486,0.9675,0.4475
1.330834724654075,0.9675,0.4475
1.343161170046016,0.9675,0.4475
1.3556017853293685,0.9675,0.4475
1.3681576279674716,0.9675,0.4475
1.3808297652180925,0.9675,0.4475
1.3936192742241424,0.9675,0.4475
1.406527242105237,0.9675,0.4475
1.4195547660501011,0.9675,0.4475
1.4327029534098308,0.96875,0.4475
1.4459729217920199,0.96875,0.4475
1.4593657991557567,0.96875,0.4475
1.4728827239075026,0.96875,0.4475
1.4865248449978568,0.96875,0.4475
1.5002933220192183,0.96875,0.4475
1.5141893253043521,0.96875,0.4475
1.5282140360258698,0.96875,0.4475
1.5423686462966282,0.96875,0.4475
1.5566543592710615,0.96875,0.4475
1.5710723892474503,0.96875,0.4475
1.5856239617711374,0.96875,0.4475
1.6003103137387007,0.96875,0.4475
1.6151326935030905,0.96875,0.4475
1.6300923609797406,0.96875,0.4475
1.6451905877536626,0.96875,0.4475
1.66042865718753,0.96875,0.4475
1.6758078645307677,0.96875,0.4475
1.691329517029648,0.96875,0.4475
1.7069949340384074,0.96875,0.4475
1.722805447131394,0.96875,0.4475
1.7387624002162507,0.96875,0.4475
1.754867149648151,0.96875,0.4475
1.7711210643450879,0.96875,0.4475
1.787525525904235,0.96875,0.4475
1.8040819287193828,0.96875,0.4475
1.820791680099463,0.96875,0.4475
1.8376562003881711,0.96875,0.4475
1.8546769230846987,0.96875,0.4475
1.8718552949655787,0.96875,0.4475
1.8891927762076663,0.96875,0.4475
1.9066908405122525,0.96875,0.4475
1.924350975230331,0.96875,0.44875
1.9421746814890257,0.96875,0.44875
1.9601634743191854,0.96875,0.44875
1.9783188827841642,0.96875,0.44875
1.996642450109794,0.96875,0.44875
2.0151357338155576,0.96875,0.44875
2.0338003058469813,0.96875,0.44875
2.052637752709252,0.96875,0.44875
2.071649675602069,0.96875,0.44875
2.0908376905557504,0.96875,0.44875
2.1102034285685956,0.96875,0.44875
2.12974853574552,0.96875,0.44875
2.14947467343798,0.96875,0.44875
2.1693835183851844,0.96875,0.44875
2.1894767628566214,0.96875,0.44875
2.209756114795902,0.96875,0.44875
2.2302232979659378,0.96875,0.44875
2.2508800520954613,0.96875,0.44875
2.2717281330269055,0.96875,0.44875
2.2927693128656492,0.96875,0.44875
2.314005380130653,0.96875,0.44875
2.3354381399064787,0.96875,0.44875
2.3570694139967276,0.96875,0.44875
2.3789010410788936,0.96875,0.45
2.4009348768606524,0.96875,0.45
2.4231727942375993,0.96875,0.45
2.445616683452446,0.96875,0.45
2.468268452255692,0.96875,0.45
2.491130026067789,0.96875,0.45
2.5142033481427974,0.96875,0.45
2.5374903797335704,0.96875,0.45
2.5609931002584587,0.96875,0.45
2.5847135074695635,0.96875,0.45125
2.608653617622548,0.96875,0.45125
2.632815465648021,0.96875,0.45125
2.6572011053245053,0.96875,0.45375
2.681812609453015,0.96875,0.45375
2.7066520700332415,0.96875,0.45375
2.7317215984413767,0.96875,0.45375
2.7570233256095835,0.96875,0.45375
2.7825594022071245,0.96875,0.45375
2.808331998823172,0.96875,0.45375
2.8343433061513092,0.96875,0.45375
2.8605955351757424,0.96875,0.45375
2.887090917359236,0.96875,0.45375
2.9138317048327873,0.96875,0.455
2.940820170587063,0.96875,0.455
2.9680586086656024,0.96875,0.455
2.9955493343598136,0.96875,0.455
3.0232946844057773,0.96875,0.45625
3.0512970171828697,0.96875,0.45625
3.079558712914226,0.96875,0.45625
3.108082173869064,0.96875,0.45625
3.1368698245668774,0.96875,0.4575
3.1659241119835224,0.96875,0.4575
3.195247505759212,0.96875,0.4575
3.2248424984084414,0.96875,0.45875
3.254711605531848,0.96875,0.45875
3.2848573660300446,0.96875,0.45875
3.315282342319425,0.96875,0.45875
3.345989120549973,0.96875,0.45875
3.3769803108250906,0.96875,0.45875
3.408258547423452,0.96875,0.46
3.4398264890229253,0.96875,0.46
3.4716868189265613,0.96875,0.46
3.503842245290674,0.96875,0.46
3.536295501355042,0.96875,0.46
3.5690493456752295,0.96875,0.46
3.602106562357071,0.96875,0.46
3.6354699612933197,0.96875,0.46125
3.6691423784024932,0.96875,0.4625
3.703126675869926,0.96875,0.4625
3.737425742391064,0.96875,0.4625
3.7720424934169983,0.96875,0.4625
3.806979871402286,0.96875,0.4625
3.84224084605506,0.96875,0.46375
3.877828414589456,0.96875,0.46375
3.913745601980384,0.96875,0.46375
3.949995461220644,0.96875,0.46375
3.986581073580441,0.96875,0.46375
4.023505548869292,0.96875,0.46375
4.060772025700365,0.96875,0.46375
4.0983836717572615,0.96875,0.465
4.136343684063275,0.96875,0.465
4.174655289253137,0.96875,0.465
4.213321743847288,0.96875,0.465
4.252346334528682,0.96875,0.465
4.291732378422157,0.96875,0.46625
4.3314832233764,0.96875,0.46625
4.371602248248505,0.96875,0.46625
4.412092863191189,0.96875,0.46625
4.452958509942655,0.96875,0.4675
4.494202662119142,0.96875,0.4675
4.535828825510188,0.96875,0.46875
4.577840538376619,0.96875,0.46875
4.6202413717513116,0.96875,0.46875
4.663034929742731,0.96875,0.46875
4.7062248498412815,0.96875,0.46875
4.749814803228501,0.96875,0.47
4.79380849508911,0.96875,0.47
4.838209664925956,0.96875,0.47125
4.8830220868778795,0.96875,0.47125
4.9282495700405144,0.96875,0.47125
4.973895958790064,0.96875,0.47125
5.019965133110082,0.96875,0.47125
5.066461008921268,0.96875,0.47125
5.113387538414326,0.96875,0.47125
5.160748710385909,0.96875,0.47125
5.208548550577661,0.96875,0.47125
5.256791122018422,0.96875,0.47125
5.305480525369573,0.96875,0.47125
5.354620899273607,0.96875,0.4725
5.404216420705916,0.96875,0.47375
5.454271305329834,0.96875,0.475
5.50478980785497,0.96875,0.475
5.555776222398876,0.96875,0.47625
5.607234882852032,0.96875,0.4775
5.659170163246244,0.96875,0.48
5.711586478126432,0.96875,0.48125
5.764488282925877,0.96875,0.48125
5.8178800743449335,0.96875,0.48125
5.871766390733256,0.96875,0.48125
5.926151812475554,0.96875,0.4825
5.981040962380941,0.96875,0.4825
6.036438506075867,0.96875,0.4825
6.09234915240071,0.96875,0.4825
6.148777653810023,0.96875,0.4825
6.205728806776502,0.96875,0.4825
6.26320745219869,0.96875,0.4825
6.321218475812452,0.96875,0.4825
6.379766808606281,0.96875,0.48375
6.4388574272404195,0.96875,0.48375
6.49849535446989,0.96875,0.48375
6.558685659571432,0.96875,0.4875
6.619433458774393,0.96875,0.4875
6.680743915695613,0.96875,0.4875
6.742622241778342,0.96875,0.48875
6.805073696735208,0.96875,0.49
6.868103588995304,0.96875,0.49
6.931717276155406,0.96875,0.49125
6.995920165435373,0.96875,0.49125
7.060717714137773,0.96875,0.49125
7.1261154301117475,0.96875,0.49375
7.192118872221189,0.96875,0.495
7.258733650817251,0.96875,0.49625
7.3259654282152304,0.96875,0.4975
7.393819919175866,0.96875,0.49875
7.46230289139111,0.96875,0.5
7.531420165974372,0.96875,0.5
7.6011776179553285,0.96875,0.5
7.671581176779302,0.96875,0.5
7.742636826811269,0.96875,0.50125
7.814350607844544,0.96875,0.50125
7.886728615614152,0.96875,0.50375
7.959777002314984,0.96875,0.50375
8.033501977124734,0.96875,0.505
8.107909806731687,0.96875,0.50625
8.183006815867392,0.96875,0.50625
8.258799387844268,0.96875,0.50625
8.335293965098193,0.96875,0.5075
8.412497049736118,0.96875,0.5125
8.490415204088746,0.96875,0.5125
8.56905505126835,0.96875,0.5125
8.648423275731723,0.96875,0.51375
8.728526623848378,0.96875,0.51625
8.809371904473991,0.96875,0.51625
8.89096598952916,0.96875,0.51625
8.973315814583522,0.96875,0.5175
9.05642837944529,0.96875,0.51875
9.14031074875623,0.96875,0.51875
9.224970052592175,0.96875,0.52
9.310413487069077,0.96875,0.52125
9.396648314954692,0.96875,0.52125
9.483681866285922,0.96875,0.5225
9.571521538991863,0.96875,0.5225
9.660174799522645,0.96875,0.525
9.749649183484088,0.96875,0.525
9.83995229627823,0.96875,0.52625
9.931091813749795,0.96875,0.52875
10.023075482838655,0.96875,0.53
10.115911122238298,0.96875,0.53125
10.209606623060465,0.96875,0.53125
10.30416994950588,0.96875,0.5325
10.399609139541198,0.96875,0.53375
10.495932305582278,0.96875,0.53375
10.5931476351837,0.96875,0.53375
10.691263391734761,0.96875,0.53375
10.79028791516184,0.96875,0.53625
10.8902296226373,0.96875,0.53875
10.991097009294972,0.96875,0.54
11.092898648952227,0.96875,0.5425
11.195643194838782,0.96875,0.5475
11.299339380332222,0.96875,0.5475
11.403996019700324,0.96875,0.55
11.509622008850323,0.96875,0.5525
11.616226326085018,0.96875,0.55625
11.723818032865985,0.96875,0.55625
11.832406274583786,0.96875,0.56
11.94200028133532,0.96875,0.56375
12.052609368708426,0.96875,0.56625
12.164242938573679,0.96875,0.56875
12.276910479883592,0.96875,0.57
12.390621569479162,0.96875,0.57125
12.505385872903908,0.96875,0.5725
12.621213145225473,0.96875,0.575
12.738113231864785,0.96875,0.57625
12.856096069432958,0.96875,0.5775
12.975171686575875,0.96875,0.5775
13.095350204826671,0.96875,0.5775
13.216641839466051,0.96875,0.57875
13.339056900390586,0.96875,0.58125
13.462605792989104,0.96875,0.585
13.587299019027098,0.96875,0.5875
13.71314717753945,0.96875,0.5875
13.840160965731316,0.96875,0.5925
13.968351179887398,0.96875,0.59625
14.09772871628967,0.96875,0.6
14.228304572143527,0.96875,0.60125
14.360089846512599,0.96875,0.6025
14.493095741262167,0.96875,0.60625
14.627333562011298,0.96875,0.60875
14.762814719093903,0.96875,0.60875
14.899550728528544,0.96875,0.6125
15.037553212997377,0.96875,0.61375
15.176833902834053,0.96875,0.61375
15.317404637020799,0.96875,0.615
15.459277364194778,0.96875,0.6175
15.602464143663688,0.96875,0.62
15.74697714643086,0.96875,0.62
15.89282865622978,0.96875,0.62
16.0400310705682,0.96875,0.62625
16.188596901781985,0.96875,0.62875
16.338538778098613,0.96875,0.6325
16.48986944471065,0.96875,0.63625
16.642601764859037,0.96875,0.63875
16.79674872092653,0.96875,0.64125
16.952323415541205,0.96875,0.64375
17.109339072690144,0.96875,0.64375
17.26780903884356,0.96875,0.645
17.42774678408919,0.96875,0.64625
17.589165903277326,0.96875,0.64875
17.75208011717635,0.96875,0.64875
17.916503273639005,0.96875,0.65
18.082449348779516,0.96875,0.65125
18.249932448161523,0.96875,0.65125
18.41896680799711,0.96875,0.65375
18.589566796356873,0.96875,0.65875
18.761746914391203,0.96875,0.66125
18.935521797562952,0.96875,0.66625
19.11090621689138,0.96875,0.67
19.287915080207778,0.96875,0.67125
19.46656343342262,0.96875,0.6725
19.646866461804457,0.96875,0.67375
19.828839491270713,0.96875,0.675
20.01249798969037,0.96875,0.67625
20.197857568198785,0.96875,0.67625
20.384933982524633,0.96875,0.67625
20.573743134329128,0.96875,0.67875
20.764301072557746,0.96875,0.68
20.95662399480433,0.96875,0.6825
21.150728248687948,0.96875,0.68375
21.346630333242445,0.96875,0.68625
21.544346900318832,0.96875,0.6875
21.7438947560008,0.96875,0.6875
21.945290862033136,0.96875,0.69
22.14855233726359,0.96875,0.69375
22.353696459097954,0.96875,0.69625
22.560740664968602,0.96875,0.69875
22.7697025538168,0.96875,0.705
22.98059988758851,0.96875,0.70625
23.193450592744288,0.96875,0.70875
23.408272761782932,0.96875,0.7125
23.625084654779464,0.96875,0.71375
23.843904700937205,0.96875,0.71625
24.06475150015424,0.96875,0.71625
24.287643824604515,0.96875,0.71875
24.512600620333387,0.96875,0.72
24.73964100886813,0.96875,0.72375
24.968784288843267,0.96875,0.7275
25.200049937640923,0.96875,0.73
25.433457613046496,0.96875,0.73125
25.669027154919505,0.96875,0.7325
25.906778586880076,0.96875,0.735
26.14673211801092,0.96875,0.735
26.388908144575105,0.96875,0.7375
26.633327251749822,0.96875,0.7375
26.88001021537606,0.96875,0.73875
27.128978003724658,0.96875,0.74
27.380251779278577,0.96875,0.7425
27.6338529005317,0.96875,0.7425
27.88980292380441,0.96875,0.7425
28.1481236050758,0.96875,0.74375
28.408836901833027,0.96875,0.745
28.671964974937698,0.96875,0.74625
28.937530190509502,0.96875,0.7475
29.205555121827466,0.96875,0.7475
29.47606255124857,0.96875,0.7525
29.749075472144405,0.96875,0.755
30.024617090855493,0.96875,0.75875
30.30271082866396,0.96875,0.76
30.583380323784333,0.96875,0.7625
30.86664943337273,0.96875,0.76875
31.15254223555488,0.96875,0.76875
31.441083031472647,0.96875,0.77125
31.732296347349763,0.96875,0.77125
32.02620693657652,0.96875,0.77375
32.32283978181379,0.96875,0.77375
32.622220097116696,0.96875,0.77375
32.924373330077685,0.96875,0.775
33.229325163989714,0.96875,0.77875
33.5371015200293,0.96875,0.78
33.84772855945981,0.96875,0.78
34.16123268585528,0.96875,0.7825
34.47764054734464,0.96875,0.7825
34.79697903887691,0.96875,0.785
35.1192753045073,0.96875,0.78625
35.44455673970434,0.96875,0.78625
35.77285099367874,0.96875,0.7875
36.10418597173337,0.96875,0.7875
36.43858983763545,0.96875,0.7875
36.77609101601033,0.96875,0.79
37.11671819475765,0.96875,0.79
37.46050032748993,0.96875,0.79125
37.80746663599349,0.96875,0.79125
38.15764661271248,0.96875,0.79125
38.511070023255705,0.96875,0.7925
38.867766908926654,0.96875,0.7975
39.22776758927719,0.96875,0.79875
39.591102664684584,0.96875,0.79875
39.957803018952696,0.96875,0.80125
40.32789982193707,0.96875,0.80125
40.701424532194366,0.96875,0.80125
41.078408899656466,0.96875,0.8025
41.45888496832911,0.96875,0.805
41.84288507901582,0.96875,0.805
42.23044187206674,0.96875,0.80625
42.62158829015323,0.96875,0.80625
43.01635758106795,0.96875,0.8075
43.41478330055092,0.96875,0.81
43.816899315141924,0.96875,0.81125
44.22273980505899,0.96875,0.8125
44.63233926710395,0.96875,0.815
45.04573251759459,0.96875,0.815
45.462954695323994,0.96875,0.8175
45.88404126454759,0.96875,0.81875
46.30902801799739,0.96875,0.82
46.73795107992461,0.97,0.82
47.17084690917017,0.97,0.82125
47.607752302263684,0.97,0.82125
48.048704396551315,0.97,0.82125
48.493740673352356,0.97,0.82125
48.94289896114529,0.97,0.82125
49.396217438783204,0.97,0.8225
49.853734638738935,0.97,0.8225
50.31548945038054,0.97,0.82375
50.78152112327673,0.97,0.825
51.2518692705333,0.97,0.8275
51.72657387216019,0.97,0.8275
52.205675278469755,0.97,0.82875
52.689214213506744,0.97,0.82875
53.17723177850969,0.97,0.82875
53.66976945540476,0.97,0.83
54.16686911033152,0.97,0.83
54.66857299720181,0.97,0.83
55.17492376129126,0.97,0.83
55.68596444286412,0.97,0.83125
56.20173848083188,0.97,0.83375
56.72228971644544,0.97,0.83375
57.247662397021784,0.97,0.83375
57.77790117970504,0.97,0.83375
58.313051135262214,0.97,0.83375
58.8531577519145,0.97,0.83375
59.398266939203566,0.97,0.835
59.94842503189409,0.97,0.835
60.503678793912215,0.97,0.83625
61.06407542232039,0.97,0.83625
61.629662551329425,0.97,0.83625
62.200488256347114,0.97,0.83625
62.776601058065,0.97,0.83625
63.35804992658251,0.97,0.83625
63.9448842855694,0.97,0.83625
64.53715401646701,0.97,0.8375
65.13490946272803,0.97,0.8375
65.73820143409586,0.97,0.8375
66.34708121092348,0.97,0.8375
66.96160054853219,0.97,0.8375
67.5818116816111,0.97,0.8375
68.20776732865686,0.97,0.8375
68.83952069645497,0.97,0.83875
69.47712548460237,0.97,0.83875
70.12063589007181,0.97,0.84
70.77010661181889,0.97,0.84
71.42559285543126,0.97,0.84
72.08715033782136,0.97,0.84
72.7548352919623,0.97,0.84125
73.42870447166761,0.97,0.84125
74.1088151564157,0.97,0.84125
74.79522515621821,0.97,0.84125
75.48799281653436,0.97,0.84125
76.18717702322995,0.97,0.84125
76.8928372075831,0.97,0.84125
77.6050333513357,0.97,0.84125
78.32382599179196,0.97,0.84125
79.04927622696424,0.97,0.84125
79.78144572076624,0.97,0.84125
80.52039670825474,0.97,0.84125
81.26619200091946,0.97,0.8425
82.01889499202203,0.97,0.8425
82.77856966198476,0.97125,0.8425
83.54528058382867,0.97125,0.8425
84.31909292866256,0.97125,0.84375
85.10007247122246,0.97125,0.84375
85.88828559546249,0.97125,0.845
86.68379930019779,0.97125,0.845
87.4866812047991,0.97125,0.845
88.29699955494087,0.97125,0.845
89.11482322840202,0.97125,0.845
89.94022174092044,0.97125,0.845
90.77326525210228,0.9725,0.845
91.61402457138516,0.9725,0.845
92.46257116405738,0.9725,0.845
93.31897715733238,0.9725,0.845
94.18331534647952,0.9725,0.845
95.05565920101196,0.9725,0.845
95.93608287093141,0.9725,0.845
96.82466119303123,0.9725,0.845
97.72146969725725,0.9725,0.845
98.6265846131282,0.9725,0.845
99.54008287621524,0.9725,0.845
100.46204213468131,0.9725,0.845
101.39254075588153,0.9725,0.845
102.3316578330245,0.9725,0.845
103.27947319189515,0.9725,0.84625
104.23606739764011,0.9725,0.84625
105.20152176161591,0.9725,0.84625
106.17591834830002,0.9725,0.84625
107.15933998226711,0.9725,0.84625
108.15187025522881,0.9725,0.84625
109.1535935331391,0.9725,0.84625
110.16459496336569,0.9725,0.8475
111.1849604819271,0.9725,0.8475
112.21477682079802,0.9725,0.8475
113.25413151528114,0.9725,0.8475
114.30311291144787,0.9725,0.8475
115.36181017364785,0.9725,0.8475
116.43031329208767,0.9725,0.8475
117.50871309048075,0.975,0.8475
118.59710123376694,0.975,0.8475
119.69557023590428,0.975,0.8475
120.8042134677329,0.975,0.8475
121.92312516491107,0.975,0.8475
123.05240043592616,0.975,0.8475
124.19213527017834,0.975,0.8475
125.34242654613995,0.975,0.8475
126.50337203959037,0.975,0.8475
127.67507043192657,0.975,0.8475
128.8576213185518,0.975,0.8475
130.05112521734085,0.975,0.8475
131.25568357718427,0.975,0.84875
132.47139878661176,0.975,0.84875
133.69837418249466,0.975,0.84875
134.93671405883066,0.975,0.84875
136.18652367560813,0.975,0.84875
137.44790926775366,0.975,0.84875
138.7209780541621,0.97625,0.84875
140.00583824680976,0.97625,0.84875
141.30259905995337,0.97625,0.84875
142.61137071941283,0.97625,0.84875
143.93226447194064,0.97625,0.84875
145.26539259467813,0.97625,0.84875
146.61086840469844,0.97625,0.84875
147.96880626863964,0.97625,0.84875
149.33932161242518,0.97625,0.84875
150.72253093107557,0.97625,0.84875
152.1185517986105,0.97625,0.84875
153.52750287804227,0.97625,0.84875
154.94950393146317,0.97625,0.84875
156.3846758302246,0.97625,0.84875
157.8331405652118,0.97625,0.84875
159.29502125721228,0.97625,0.84875
160.77044216738236,0.97625,0.84875
162.25952870780873,0.97625,0.84875
163.76240745216873,0.97625,0.84875
165.27920614648954,0.97625,0.84875
166.81005372000593,0.97625,0.84875
168.35508029612024,0.97625,0.84875
169.9144172034626,0.97625,0.84875
171.48819698705393,0.97625,0.84875
173.07655341957258,0.97625,0.84875
174.67962151272457,0.97625,0.84875
176.29753752872057,0.97625,0.84875
177.93043899185773,0.97625,0.84875
179.5784647002095,0.97625,0.84875
181.24175473742378,0.97625,0.84875
182.92045048462938,0.97625,0.84875
184.61469463245476,0.97625,0.84875
186.324631193156,0.97625,0.84875
188.05040551285816,0.97625,0.84875
189.79216428391015,0.97625,0.84875
191.55005555735278,0.97625,0.84875
193.32422875550452,0.97625,0.84875
195.11483468466164,0.97625,0.84875
196.92202554791714,0.97625,0.84875
198.74595495809837,0.97625,0.84875
200.5867779508234,0.97625,0.84875
202.44465099768038,0.97625,0.84875
204.31973201952704,0.97625,0.84875
206.21218039991425,0.97625,0.84875
208.12215699863393,0.97625,0.84875
210.04982416539153,0.97625,0.84875
211.9953457536071,0.9775,0.84875
213.95888713434215,0.9775,0.84875
215.94061521035653,0.9775,0.84875
217.94069843029558,0.97875,0.84875
219.95930680300748,0.97875,0.84875
221.99661191199547,0.97875,0.84875
224.05278693000182,0.97875,0.84875
226.12800663372772,0.97875,0.84875
228.22244741868985,0.97875,0.84875
230.33628731421314,0.97875,0.84875
232.4697059985648,0.97875,0.84875
234.62288481422624,0.97875,0.84875
236.79600678330763,0.97875,0.84875
238.98925662310504,0.97875,0.84875
241.2028207618007,0.97875,0.84875
243.43688735431104,0.97875,0.84875
245.691646298279,0.98,0.84875
247.96728925021577,0.98,0.84875
250.26400964179192,0.98,0.84875
252.58200269627847,0.98,0.85
254.9214654451423,0.98125,0.85
257.28259674479324,0.98125,0.85
259.665597293487,0.98125,0.85
262.07066964838526,0.98125,0.85
264.498018242772,0.98125,0.85
266.9478494034321,0.98125,0.85
269.4203713681882,0.98125,0.85
271.9157943036019,0.98125,0.85
274.43433032283656,0.98125,0.85
276.9761935036891,0.98125,0.85
279.5415999067856,0.98125,0.85
282.1307675939471,0.98125,0.85
284.74391664672476,0.98125,0.85
287.38126918510665,0.98125,0.85
290.04304938639916,0.98125,0.85
292.7294835042816,0.98125,0.85
295.440799888038,0.98125,0.85
298.17722900196736,0.98125,0.85125
300.9390034449721,0.9825,0.85125
303.72635797033115,0.9825,0.85375
306.5395295056527,0.9825,0.85375
309.3787571730137,0.9825,0.85375
312.2442823092858,0.9825,0.85375
315.13634848664793,0.9825,0.85375
318.05520153329195,0.9825,0.85375
321.00108955431716,0.9825,0.85375
323.9742629528196,0.9825,0.855
326.9749744511768,0.9825,0.855
330.0034791125285,0.9825,0.855
333.06003436245885,0.9825,0.855
336.1449000108765,0.9825,0.855
339.2583382740992,0.9825,0.85625
342.40061379714257,0.9825,0.85625
345.57199367621394,0.9825,0.85625
348.77274748141775,0.98375,0.8575
352.00314727966787,0.98375,0.8575
355.2634676578139,0.98375,0.8575
358.5539857459817,0.98375,0.8575
361.874981241128,0.985,0.8575
365.22673643081754,0.985,0.86
368.6095362172158,0.985,0.86
372.0236681413066,0.985,0.8625
375.4694224073337,0.985,0.8625
378.94709190746676,0.985,0.86375
382.45697224669993,0.985,0.86375
385.9993617679767,0.985,0.86375
389.5745615775501,0.985,0.86375
393.18287557057704,0.985,0.86375
396.82461045694816,0.985,0.86375
400.5000757873611,0.985,0.865
404.20958397963057,0.985,0.865
407.9534503452449,0.985,0.865
411.7319931161679,0.985,0.865
415.54553347188755,0.985,0.865
419.39439556671863,0.985,0.865
423.27890655735484,0.985,0.865
427.19939663067765,0.985,0.865
431.15619903182284,0.985,0.865
435.149650092505,0.985,0.865
439.1800892596086,0.985,0.865
443.2478591240396,0.985,0.865
447.3533054498463,0.985,0.865
451.4967772036102,0.985,0.865
455.6786265841064,0.985,0.865
459.8992090522438,0.985,0.865
464.15888336127773,0.985,0.86625
468.4580115873045,0.985,0.86625
472.7969591600391,0.985,0.8675
477.17609489387456,0.985,0.86875
481.5957910192351,0.985,0.86875
486.0564232142134,0.985,0.87125
490.55837063650455,0.985,0.87125
495.1020159556351,0.985,0.8725
499.68774538548837,0.985,0.8725
504.3159487171359,0.985,0.8725
508.98701935196794,0.985,0.8725
513.7013543351344,0.985,0.87375
518.4593543892913,0.985,0.87375
523.2614239486662,0.985,0.87625
528.1079711934331,0.985,0.8775
532.9994080844087,0.985,0.87875
537.9361503980704,0.985,0.88
542.9186177618943,0.985,0.88125
547.9472336900287,0.985,0.8825
553.0224256192901,0.985,0.8825
558.144624945496,0.985,0.8825
563.3142670601358,0.985,0.88625
568.5317913873754,0.985,0.88625
573.7976414214133,0.985,0.88625
579.1122647641758,0.985,0.88625
584.4761131633632,0.985,0.88625
589.8896425508499,0.985,0.88625
595.353313081437,0.985,0.88625
600.8675891719687,0.985,0.8875
606.4329395408062,0.985,0.8875
612.0498372476696,0.985,0.8875
617.7187597338494,0.985,0.88875
623.4401888627864,0.985,0.88875
629.2146109610344,0.985,0.88875
635.0425168595962,0.985,0.88875
640.924401935645,0.985,0.88875
646.8607661546328,0.985,0.88875
652.8521141127848,0.985,0.89
658.898955079995,0.985,0.89125
665.0018030431119,0.985,0.89125
671.161176749628,0.985,0.89125
677.3775997517752,0.985,0.89125
683.6516004510238,0.985,0.8925
689.9837121430019,0.985,0.8925
696.3744730628222,0.985,0.895
702.8244264308346,0.985,0.895
709.3341204987997,0.985,0.895
715.9041085964889,0.985,0.895
722.5349491787214,0.985,0.895
729.2272058728313,0.985,0.895
735.9814475265764,0.985,0.895
742.7982482564919,0.985,0.895
749.6781874966877,0.985,0.895
756.6218500481056,0.985,0.895
763.6298261282242,0.985,0.89625
770.7027114212295,0.98625,0.89625
777.841107128649,0.98625,0.89625
785.0456200204509,0.98625,0.89625
792.3168624866254,0.98625,0.89625
799.6554525892346,0.98625,0.8975
807.0620141149499,0.98625,0.8975
814.5371766280746,0.98625,0.8975
822.0815755240541,0.98625,0.8975
829.6958520834906,0.98625,0.8975
837.380653526649,0.98625,0.8975
845.1366330684713,0.98625,0.89875
852.9644499741025,0.98625,0.89875
860.8647696149245,0.98625,0.89875
868.8382635251185,0.98625,0.89875
876.8856094587427,0.98625,0.89875
885.0074914473439,0.98625,0.89875
893.2045998580968,0.98625,0.9
901.4776314524918,0.98625,0.9
909.8272894455558,0.9875,0.9
918.2542835656282,0.9875,0.9
926.7593301146883,0.9875,0.9
935.3431520292387,0.9875,0.90125
944.0064789417603,0.9875,0.90125
952.750047242729,0.9875,0.90125
961.5746001432095,0.9875,0.90125
970.4808877380307,0.9875,0.90125
979.4696670695396,0.9875,0.90125
988.5417021919574,0.9875,0.90125
997.6977642363202,0.9875,0.9025
1006.9386314760271,0.9875,0.90375
1016.2650893929952,0.9875,0.905
1025.677930744422,0.9875,0.905
1035.1779556301763,0.9875,0.90625
1044.7659715608042,0.9875,0.90625
1054.4427935261685,0.9875,0.90625
1064.2092440647245,0.9875,0.90625
1074.0661533334335,0.9875,0.90625
1084.014359178331,0.9875,0.90625
1094.0547072057425,0.9875,0.90625
1104.18805085416,0.9875,0.90625
1114.415251466788,0.9875,0.90625
1124.737178364752,0.9875,0.90625
1135.154708920999,0.9875,0.9075
1145.6687286348715,0.9875,0.90875
1156.2801312073755,0.9875,0.90875
1166.9898186171474,0.9875,0.90875
1177.7987011971193,0.9875,0.90875
1188.7076977119034,0.9875,0.90875
1199.7177354358844,0.9875,0.90875
1210.8297502320395,0.9875,0.90875
1222.0446866314887,0.9875,0.90875
1233.363497913776,0.9875,0.90875
1244.787146187906,0.9875,0.91
1256.3166024741201,0.9875,0.91
1267.9528467864338,0.9875,0.91
1279.6968682159415,0.9875,0.91
1291.549665014884,0.9875,0.91
1303.512244681509,0.9875,0.91
1315.5856240457038,0.9875,0.91
1327.770829355429,0.9875,0.91
1340.0688963639507,0.9875,0.91125
1352.4808704178754,0.9875,0.91125
1365.0078065460139,0.9875,0.91125
1377.6507695490536,0.9875,0.91125
1390.4108340900696,0.9875,0.91125
1403.2890847858732,0.9875,0.91125
1416.2866162991988,0.9875,0.91125
1429.4045334317611,0.9875,0.91125
1442.6439512181573,0.9875,0.91125
1456.0059950206485,0.9875,0.91125
1469.4918006248172,0.9875,0.91125
1483.1025143361044,0.9875,0.91125
1496.8392930772557,0.9875,0.91125
1510.7033044866541,0.9875,0.91125
1524.695727017573,0.9875,0.91125
1538.8177500383463,0.9875,0.9125
1553.07057393346,0.9875,0.9125
1567.455410205595,0.9875,0.9125
1581.9734815785998,0.9875,0.9125
1596.6260221014252,0.9875,0.9125
1611.41427725302,0.9875,0.9125
1626.3395040481923,0.9875,0.9125
1641.4029711444664,0.9875,0.9125
1656.6059589499134,0.9875,0.9125
1671.94975973199,0.9875,0.9125
1687.4356777273756,0.9875,0.9125
1703.0650292528444,0.9875,0.9125
1718.8391428171456,0.9875,0.91375
1734.7593592339308,0.9875,0.91375
1750.827031735725,0.9875,0.91375
1767.0435260889467,0.9875,0.91375
1783.4102207100082,0.9875,0.91375
1799.9285067824765,0.9875,0.91375
1816.5997883753266,0.9875,0.91375
1833.4254825622907,0.9875,0.915
1850.4070195423021,0.9875,0.915
1867.545842761076,0.9875,0.915
1884.8434090337953,0.9875,0.915
1902.301188668944,0.9875,0.915
1919.9206655932849,0.9875,0.91625
1937.703337477989,0.9875,0.91625
1955.650715865949,0.9875,0.91625
1973.7643263002553,0.9875,0.91625
1992.0457084538693,0.9875,0.91625
2010.496416260499,0.9875,0.91625
2029.1180180466781,0.9875,0.91625
2047.9120966650855,0.9875,0.91625
2066.880249629082,0.9875,0.91625
2086.0240892485026,0.9875,0.91625
2105.345242766706,0.9875,0.91625
2124.8453524988827,0.9875,0.91625
2144.5260759716675,0.9875,0.91625
2164.3890860640204,0.9875,0.91625
2184.436071149426,0.9875,0.9175
2204.6687352394097,0.9875,0.9175
2225.0887981283695,0.9875,0.9175
2245.697995539774,0.9875,0.9175
2266.498079273693,0.9875,0.9175
2287.490817355702,0.9875,0.9175
2308.6779941871696,0.9875,0.9175
2330.0614106969247,0.9875,0.9175
2351.6428844943484,0.9875,0.9175
2373.424250023866,0.9875,0.9175
2395.407358720877,0.9875,0.9175
2417.594079169131,0.9875,0.9175
2439.98629725955,0.9875,0.91875
2462.5859163505465,0.9875,0.91875
2485.3948574297983,0.9875,0.91875
2508.4150592775386,0.9875,0.91875
2531.6484786313554,0.9875,0.91875
2555.097090352507,0.9875,0.91875
2578.7628875938008,0.9875,0.91875
2602.6478819690046,0.9875,0.91875
2626.7541037238357,0.9875,0.91875
2651.083601908539,0.9875,0.91875
2675.6384445520453,0.9875,0.91875
2700.4207188377727,0.9875,0.91875
2725.432531281028,0.9875,0.91875
2750.6760079080645,0.9875,0.91875
2776.153294436801,0.9875,0.91875
2801.866556459195,0.9875,0.91875
2827.817979625341,0.9875,0.91875
2854.0097698292375,0.9875,0.91875
2880.4441533962977,0.9875,0.91875
2907.123377272578,0.9875,0.91875
2934.049709215787,0.9875,0.91875
2961.2254379880346,0.9875,0.91875
2988.6528735503825,0.9875,0.91875
3016.3343472591973,0.9875,0.91875
3044.272212064303,0.9875,0.91875
3072.4688427090036,0.9875,0.91875
3100.9266359319267,0.9875,0.91875
3129.6480106707504,0.9875,0.91875
3158.635408267819,0.9875,0.91875
3187.8912926776457,0.9875,0.91875
3217.4181506763716,0.9875,0.91875
3247.218492073129,0.9875,0.91875
3277.294849923382,0.9875,0.91875
3307.6497807442424,0.9875,0.91875
3338.285864731761,0.9875,0.91875
3369.2057059802673,0.9875,0.91875
3400.411932703706,0.9875,0.91875
3431.9071974590424,0.9875,0.91875
3463.6941773717344,0.9875,0.91875
3495.775574363275,0.98875,0.91875
3528.154115380883,0.98875,0.91875
3560.832552629278,0.98875,0.91875
3593.813663804626,0.98875,0.91875
3627.1002523306483,0.98875,0.91875
3660.695147596902,0.98875,0.91875
3694.6012051993025,0.98875,0.91875
3728.8213071828336,0.98875,0.92
3763.3583622865326,0.98875,0.92
3798.215306190736,0.98875,0.92
3833.3951017666013,0.98875,0.92
3868.9007393279753,0.98875,0.92
3904.73523688556,0.98875,0.92
3940.901640403448,0.98875,0.92
3977.403024058037,0.98875,0.92
4014.242490499322,0.98875,0.92
4051.423171114647,0.98875,0.92
4088.9482262948604,0.98875,0.92
4126.820845702951,0.98875,0.92
4165.044248545185,0.98875,0.92
4203.6216838447135,0.98875,0.92
4242.556430717777,0.98875,0.92
4281.851798652411,0.98875,0.92
4321.511127789762,0.98875,0.92
4361.537789208006,0.98875,0.92
4401.935185208875,0.98875,0.92
4442.706749606883,0.98875,0.92125
4483.855948021186,0.98875,0.92125
4525.386278170166,0.98875,0.92125
4567.301270168747,0.98875,0.92125
4609.604486828433,0.98875,0.92125
4652.29952396019,0.98875,0.92125
4695.390010680058,0.98875,0.9225
4738.879609717651,0.98875,0.9225
4782.772017727485,0.98875,0.9225
4827.070965603183,0.98875,0.9225
4871.780218794631,0.98875,0.9225
4916.903577628026,0.98875,0.9225
4962.444877628914,0.98875,0.9225
5008.407989848212,0.98875,0.9225
5054.79682119124,0.98875,0.9225
5101.6153147498335,0.98875,0.9225
5148.867450137493,0.98875,0.9225
5196.557243827658,0.98875,0.92375
5244.688749495119,0.98875,0.92375
5293.266058360561,0.98875,0.92375
5342.293299538353,0.98875,0.925
5391.7746403875,0.98875,0.925
5441.714286865893,0.98875,0.925
5492.116483887789,0.98875,0.925
5542.985515684669,0.98875,0.925
5594.325706169378,0.98875,0.925
5646.141419303667,0.98875,0.925
5698.437059469142,0.98875,0.925
5751.217071841614,0.98875,0.925
5804.485942768978,0.98875,0.925
5858.248200152536,0.98875,0.92625
5912.508413831875,0.99,0.9275
5967.271195973317,0.99,0.9275
6022.541201461928,0.99,0.9275
6078.32312829723,0.99,0.9275
6134.621717992506,0.99,0.9275
6191.441755977841,0.99,0.9275
6248.788072006894,0.99,0.9275
6306.6655405674055,0.99,0.9275
6365.079081295571,0.99,0.92875
6424.033659394191,0.99125,0.93
6483.534286054721,0.99125,0.93
6543.586018883236,0.99125,0.93
6604.193962330305,0.99125,0.93
6665.363268124914,0.99125,0.93
6727.099135712337,0.99125,0.93
6789.406812696106,0.99125,0.93
6852.291595284064,0.99125,0.93125
6915.758828738525,0.99125,0.93125
6979.81390783066,0.99125,0.93125
7044.462277299037,0.99125,0.93125
7109.709432312431,0.99125,0.9325
7175.560918936929,0.99125,0.9325
7242.022334607315,0.99125,0.9325
7309.099328602911,0.99125,0.93375
7376.79760252773,0.99125,0.935
7445.122910795136,0.99125,0.935
7514.08106111697,0.99125,0.93625
7583.677914997191,0.99125,0.93625
7653.919388230148,0.99125,0.93625
7724.8114514034005,0.99125,0.9375
7796.360130405229,0.99125,0.9375
7868.571506936852,0.9925,0.9375
7941.45171902934,0.9925,0.9375
8015.006961565405,0.9925,0.93875
8089.243486805938,0.9925,0.93875
8164.167604921464,0.9925,0.93875
8239.78568452852,0.9925,0.94
8316.104153230961,0.9925,0.94
8393.129498166365,0.9925,0.94
8470.868266557402,0.9925,0.94
8549.327066268375,0.9925,0.94125
8628.512566366895,0.9925,0.94125
8708.431497690724,0.9925,0.94125
8789.090653419955,0.9925,0.9425
8870.496889654403,0.9925,0.9425
8952.657125996391,0.9925,0.9425
9035.57834613893,0.9925,0.9425
9119.267598459299,0.9925,0.9425
9203.73199661822,0.9925,0.9425
9288.978720164498,0.9925,0.94375
9375.015015145289,0.9925,0.945
9461.848194722003,0.9925,0.94875
9549.485639791967,0.9925,0.94875
9637.934799615785,0.9925,0.94875
9727.203192450537,0.9925,0.95
9817.29840618884,0.9925,0.95
9908.228099003798,0.9925,0.95
10000.0,0.9925,0.95
