tau,SCS-3.0,OSQP,COSMO
1.0,0.946,0.047,0.007
1.0092621909870476,0.946,0.051,0.007
1.0186101701559758,0.946,0.053,0.007
1.0280447320933093,0.948,0.054,0.007
1.0375666787451858,0.949,0.058,0.007
1.0471768194855202,0.949,0.061,0.007
1.0568759711848041,0.951,0.064,0.007
1.0666649582795393,0.951,0.066,0.007
1.0765446128423155,0.953,0.067,0.007
1.0865157746525382,0.954,0.068,0.007
1.0965792912678098,0.956,0.068,0.007
1.1067360180959736,0.958,0.069,0.007
1.116986818467823,0.958,0.073,0.008
1.1273325637104867,0.959,0.075,0.01
1.1377741332214912,0.959,0.077,0.01
1.148312414543511,0.961,0.08,0.01
1.158948303439811,0.961,0.084,0.01
1.1696827039703852,0.961,0.086,0.01
1.180516528568805,0.962,0.088,0.01
1.1914506981197759,0.963,0.088,0.01
1.2024861420374122,0.964,0.091,0.01
1.2136237983442408,0.965,0.092,0.01
1.2248646137509314,0.967,0.095,0.011
1.2362095437367686,0.967,0.098,0.012
1.2476595526308696,0.967,0.098,0.014
1.259215613694151,0.967,0.098,0.014
1.2708787092020586,0.967,0.104,0.015
1.2826498305280605,0.968,0.104,0.016
1.2945299782279156,0.968,0.105,0.016
1.306520162124721,0.969,0.107,0.018
1.3186214013947486,0.969,0.109,0.018
1.330834724654075,0.971,0.114,0.018
1.343161170046016,0.971,0.117,0.018
1.3556017853293685,0.971,0.12,0.019
1.3681576279674716,0.971,0.122,0.02
1.3808297652180925,0.971,0.124,0.021
1.3936192742241424,0.971,0.126,0.023
1.406527242105237,0.971,0.127,0.024
1.4195547660501011,0.971,0.132,0.025
1.4327029534098308,0.971,0.138,0.026
1.4459729217920199,0.972,0.141,0.026
1.4593657991557567,0.972,0.141,0.028
1.4728827239075026,0.973,0.144,0.028
1.4865248449978568,0.973,0.149,0.033
1.5002933220192183,0.976,0.151,0.035
1.5141893253043521,0.977,0.151,0.036
1.5282140360258698,0.977,0.154,0.037
1.5423686462966282,0.977,0.156,0.039
1.5566543592710615,0.978,0.161,0.041
1.5710723892474503,0.978,0.165,0.042
1.5856239617711374,0.979,0.165,0.046
1.6003103137387007,0.98,0.166,0.049
1.6151326935030905,0.981,0.169,0.051
1.6300923609797406,0.982,0.169,0.053
1.6451905877536626,0.982,0.171,0.053
1.66042865718753,0.982,0.173,0.054
1.6758078645307677,0.982,0.176,0.055
1.691329517029648,0.982,0.177,0.057
1.7069949340384074,0.982,0.179,0.057
1.722805447131394,0.982,0.181,0.06
1.7387624002162507,0.982,0.185,0.063
1.754867149648151,0.982,0.191,0.065
1.7711210643450879,0.983,0.194,0.069
1.787525525904235,0.983,0.198,0.071
1.8040819287193828,0.984,0.205,0.074
1.820791680099463,0.984,0.206,0.079
1.8376562003881711,0.984,0.21,0.081
1.8546769230846987,0.985,0.217,0.083
1.8718552949655787,0.986,0.221,0.086
1.8891927762076663,0.986,0.223,0.086
1.9066908405122525,0.986,0.229,0.089
1.924350975230331,0.986,0.231,0.093
1.9421746814890257,0.986,0.235,0.094
1.9601634743191854,0.986,0.242,0.097
1.9783188827841642,0.986,0.247,0.099
1.996642450109794,0.986,0.251,0.1
2.0151357338155576,0.987,0.252,0.105
2.0338003058469813,0.987,0.254,0.107
2.052637752709252,0.987,0.258,0.109
2.071649675602069,0.987,0.262,0.114
2.0908376905557504,0.987,0.267,0.119
2.1102034285685956,0.988,0.271,0.123
2.12974853574552,0.988,0.278,0.125
2.14947467343798,0.988,0.281,0.127
2.1693835183851844,0.988,0.283,0.133
2.1894767628566214,0.988,0.284,0.138
2.209756114795902,0.988,0.289,0.144
2.2302232979659378,0.988,0.294,0.146
2.2508800520954613,0.988,0.298,0.153
2.2717281330269055,0.989,0.302,0.159
2.2927693128656492,0.99,0.305,0.163
2.314005380130653,0.991,0.311,0.166
2.3354381399064787,0.991,0.318,0.173
2.3570694139967276,0.991,0.322,0.179
2.3789010410788936,0.991,0.325,0.183
2.4009348768606524,0.991,0.331,0.19
2.4231727942375993,0.992,0.335,0.198
2.445616683452446,0.993,0.338,0.2
2.468268452255692,0.994,0.343,0.21
2.491130026067789,0.994,0.348,0.216
2.5142033481427974,0.994,0.352,0.221
2.5374903797335704,0.994,0.356,0.228
2.5609931002584587,0.995,0.363,0.231
2.5847135074695635,0.995,0.366,0.234
2.608653617622548,0.995,0.371,0.236
2.632815465648021,0.995,0.374,0.241
2.6572011053245053,0.995,0.38,0.244
2.681812609453015,0.995,0.384,0.252
2.7066520700332415,0.995,0.386,0.26
2.7317215984413767,0.995,0.389,0.266
2.7570233256095835,0.995,0.392,0.271
2.7825594022071245,0.995,0.393,0.272
2.808331998823172,0.995,0.397,0.274
2.8343433061513092,0.995,0.402,0.28
2.8605955351757424,0.995,0.403,0.283
2.887090917359236,0.995,0.408,0.29
2.9138317048327873,0.995,0.411,0.298
2.940820170587063,0.995,0.413,0.307
2.9680586086656024,0.995,0.418,0.32
2.9955493343598136,0.995,0.422,0.332
3.0232946844057773,0.995,0.425,0.34
3.0512970171828697,0.995,0.428,0.345
3.079558712914226,0.995,0.438,0.349
3.108082173869064,0.995,0.444,0.354
3.1368698245668774,0.995,0.451,0.357
3.1659241119835224,0.995,0.456,0.361
3.195247505759212,0.995,0.462,0.372
3.2248424984084414,0.995,0.467,0.373
3.254711605531848,0.995,0.47,0.377
3.2848573660300446,0.996,0.475,0.385
3.315282342319425,0.996,0.478,0.389
3.345989120549973,0.996,0.483,0.397
3.3769803108250906,0.996,0.484,0.404
3.408258547423452,0.996,0.485,0.406
3.4398264890229253,0.996,0.489,0.412
3.4716868189265613,0.996,0.492,0.418
3.503842245290674,0.996,0.495,0.428
3.536295501355042,0.997,0.503,0.431
3.5690493456752295,0.997,0.504,0.434
3.602106562357071,0.997,0.506,0.441
3.6354699612933197,0.997,0.51,0.441
3.6691423784024932,0.997,0.515,0.446
3.703126675869926,0.997,0.518,0.457
3.737425742391064,0.997,0.523,0.466
3.7720424934169983,0.997,0.529,0.474
3.806979871402286,0.998,0.534,0.477
3.84224084605506,0.999,0.535,0.483
3.877828414589456,0.999,0.54,0.493
3.913745601980384,0.999,0.542,0.497
3.949995461220644,0.999,0.549,0.506
3.986581073580441,0.999,0.551,0.509
4.023505548869292,0.999,0.559,0.513
4.060772025700365,0.999,0.566,0.52
4.0983836717572615,0.999,0.569,0.524
4.136343684063275,0.999,0.572,0.524
4.174655289253137,0.999,0.576,0.53
4.213321743847288,0.999,0.582,0.534
4.252346334528682,0.999,0.586,0.539
4.291732378422157,0.999,0.591,0.541
4.3314832233764,0.999,0.596,0.543
4.371602248248505,0.999,0.599,0.546
4.412092863191189,0.999,0.607,0.549
4.452958509942655,0.999,0.616,0.558
4.494202662119142,1.0,0.621,0.564
4.535828825510188,1.0,0.626,0.569
4.577840538376619,1.0,0.627,0.571
4.6202413717513116,1.0,0.63,0.576
4.663034929742731,1.0,0.632,0.579
4.7062248498412815,1.0,0.637,0.586
4.749814803228501,1.0,0.64,0.587
4.79380849508911,1.0,0.64,0.59
4.838209664925956,1.0,0.645,0.594
4.8830220868778795,1.0,0.648,0.597
4.9282495700405144,1.0,0.651,0.601
4.973895958790064,1.0,0.651,0.609
5.019965133110082,1.0,0.656,0.616
5.066461008921268,1.0,0.658,0.622
5.113387538414326,1.0,0.661,0.626
5.160748710385909,1.0,0.664,0.628
5.208548550577661,1.0,0.667,0.631
5.256791122018422,1.0,0.671,0.632
5.305480525369573,1.0,0.673,0.633
5.354620899273607,1.0,0.678,0.636
5.404216420705916,1.0,0.684,0.638
5.454271305329834,1.0,0.687,0.641
5.50478980785497,1.0,0.688,0.642
5.555776222398876,1.0,0.689,0.644
5.607234882852032,1.0,0.69,0.646
5.659170163246244,1.0,0.691,0.647
5.711586478126432,1.0,0.692,0.649
5.764488282925877,1.0,0.694,0.649
5.8178800743449335,1.0,0.697,0.651
5.871766390733256,1.0,0.698,0.653
5.926151812475554,1.0,0.699,0.654
5.981040962380941,1.0,0.702,0.656
6.036438506075867,1.0,0.703,0.661
6.09234915240071,1.0,0.704,0.664
6.148777653810023,1.0,0.705,0.667
6.205728806776502,1.0,0.707,0.67
6.26320745219869,1.0,0.707,0.671
6.321218475812452,1.0,0.708,0.673
6.379766808606281,1.0,0.712,0.677
6.4388574272404195,1.0,0.712,0.679
6.49849535446989,1.0,0.714,0.681
6.558685659571432,1.0,0.716,0.682
6.619433458774393,1.0,0.717,0.686
6.680743915695613,1.0,0.718,0.691
6.742622241778342,1.0,0.723,0.694
6.805073696735208,1.0,0.723,0.694
6.868103588995304,1.0,0.725,0.695
6.931717276155406,1.0,0.725,0.698
6.995920165435373,1.0,0.726,0.7
7.060717714137773,1.0,0.727,0.701
7.1261154301117475,1.0,0.728,0.706
7.192118872221189,1.0,0.733,0.71
7.258733650817251,1.0,0.736,0.713
7.3259654282152304,1.0,0.739,0.717
7.393819919175866,1.0,0.739,0.721
7.46230289139111,1.0,0.74,0.723
7.531420165974372,1.0,0.742,0.728
7.6011776179553285,1.0,0.743,0.728
7.671581176779302,1.0,0.744,0.728
7.742636826811269,1.0,0.746,0.73
7.814350607844544,1.0,0.75,0.731
7.886728615614152,1.0,0.751,0.731
7.959777002314984,1.0,0.753,0.733
8.033501977124734,1.0,0.755,0.735
8.107909806731687,1.0,0.755,0.736
8.183006815867392,1.0,0.756,0.742
8.258799387844268,1.0,0.757,0.745
8.335293965098193,1.0,0.76,0.746
8.412497049736118,1.0,0.763,0.747
8.490415204088746,1.0,0.764,0.751
8.56905505126835,1.0,0.765,0.755
8.648423275731723,1.0,0.766,0.758
8.728526623848378,1.0,0.768,0.76
8.809371904473991,1.0,0.77,0.761
8.89096598952916,1.0,0.773,0.763
8.973315814583522,1.0,0.775,0.764
9.05642837944529,1.0,0.776,0.766
9.14031074875623,1.0,0.781,0.766
9.224970052592175,1.0,0.782,0.77
9.310413487069077,1.0,0.782,0.771
9.396648314954692,1.0,0.784,0.774
9.483681866285922,1.0,0.785,0.775
9.571521538991863,1.0,0.785,0.776
9.660174799522645,1.0,0.787,0.778
9.749649183484088,1.0,0.789,0.779
9.83995229627823,1.0,0.79,0.783
9.931091813749795,1.0,0.792,0.784
10.023075482838655,1.0,0.792,0.784
10.115911122238298,1.0,0.794,0.786
10.209606623060465,1.0,0.796,0.787
10.30416994950588,1.0,0.797,0.788
10.399609139541198,1.0,0.799,0.79
10.495932305582278,1.0,0.802,0.792
10.5931476351837,1.0,0.802,0.793
10.691263391734761,1.0,0.806,0.795
10.79028791516184,1.0,0.808,0.797
10.8902296226373,1.0,0.808,0.798
10.991097009294972,1.0,0.808,0.798
11.092898648952227,1.0,0.808,0.799
11.195643194838782,1.0,0.809,0.801
11.299339380332222,1.0,0.811,0.805
11.403996019700324,1.0,0.813,0.805
11.509622008850323,1.0,0.813,0.808
11.616226326085018,1.0,0.814,0.81
11.723818032865985,1.0,0.814,0.81
11.832406274583786,1.0,0.814,0.811
11.94200028133532,1.0,0.814,0.812
12.052609368708426,1.0,0.816,0.814
12.164242938573679,1.0,0.817,0.816
12.276910479883592,1.0,0.818,0.816
12.390621569479162,1.0,0.819,0.817
12.505385872903908,1.0,0.819,0.817
12.621213145225473,1.0,0.824,0.818
12.738113231864785,1.0,0.824,0.819
12.856096069432958,1.0,0.826,0.822
12.975171686575875,1.0,0.828,0.822
13.095350204826671,1.0,0.831,0.824
13.216641839466051,1.0,0.831,0.825
13.339056900390586,1.0,0.832,0.825
13.462605792989104,1.0,0.832,0.827
13.587299019027098,1.0,0.833,0.829
13.71314717753945,1.0,0.833,0.83
13.840160965731316,1.0,0.833,0.83
13.968351179887398,1.0,0.836,0.83
14.09772871628967,1.0,0.837,0.831
14.228304572143527,1.0,0.842,0.832
14.360089846512599,1.0,0.843,0.833
14.493095741262167,1.0,0.843,0.835
14.627333562011298,1.0,0.844,0.835
14.762814719093903,1.0,0.844,0.835
14.899550728528544,1.0,0.846,0.836
15.037553212997377,1.0,0.846,0.836
15.176833902834053,1.0,0.848,0.837
15.317404637020799,1.0,0.849,0.839
15.459277364194778,1.0,0.85,0.839
15.602464143663688,1.0,0.85,0.841
15.74697714643086,1.0,0.851,0.843
15.89282865622978,1.0,0.852,0.845
16.0400310705682,1.0,0.853,0.846
16.188596901781985,1.0,0.854,0.848
16.338538778098613,1.0,0.854,0.849
16.48986944471065,1.0,0.854,0.85
16.642601764859037,1.0,0.855,0.85
16.79674872092653,1.0,0.857,0.851
16.952323415541205,1.0,0.859,0.852
17.109339072690144,1.0,0.859,0.852
17.26780903884356,1.0,0.859,0.854
17.42774678408919,1.0,0.86,0.855
17.589165903277326,1.0,0.861,0.857
17.75208011717635,1.0,0.864,0.857
17.916503273639005,1.0,0.865,0.857
18.082449348779516,1.0,0.869,0.857
18.249932448161523,1.0,0.872,0.858
18.41896680799711,1.0,0.873,0.86
18.589566796356873,1.0,0.873,0.86
18.761746914391203,1.0,0.875,0.861
18.935521797562952,1.0,0.877,0.863
19.11090621689138,1.0,0.877,0.863
19.287915080207778,1.0,0.878,0.864
19.46656343342262,1.0,0.878,0.866
19.646866461804457,1.0,0.879,0.867
19.828839491270713,1.0,0.881,0.867
20.01249798969037,1.0,0.881,0.869
20.197857568198785,1.0,0.884,0.869
20.384933982524633,1.0,0.884,0.869
20.573743134329128,1.0,0.884,0.871
20.764301072557746,1.0,0.885,0.872
20.95662399480433,1.0,0.886,0.873
21.150728248687948,1.0,0.888,0.875
21.346630333242445,1.0,0.89,0.877
21.544346900318832,1.0,0.89,0.877
21.7438947560008,1.0,0.891,0.878
21.945290862033136,1.0,0.892,0.879
22.14855233726359,1.0,0.892,0.88
22.353696459097954,1.0,0.894,0.881
22.560740664968602,1.0,0.895,0.881
22.7697025538168,1.0,0.896,0.881
22.98059988758851,1.0,0.897,0.881
23.193450592744288,1.0,0.897,0.881
23.408272761782932,1.0,0.899,0.883
23.625084654779464,1.0,0.901,0.884
23.843904700937205,1.0,0.902,0.884
24.06475150015424,1.0,0.904,0.885
24.287643824604515,1.0,0.904,0.886
24.512600620333387,1.0,0.905,0.887
24.73964100886813,1.0,0.905,0.888
24.968784288843267,1.0,0.906,0.89
25.200049937640923,1.0,0.907,0.891
25.433457613046496,1.0,0.908,0.891
25.669027154919505,1.0,0.908,0.892
25.906778586880076,1.0,0.909,0.895
26.14673211801092,1.0,0.91,0.897
26.388908144575105,1.0,0.91,0.897
26.633327251749822,1.0,0.911,0.899
26.88001021537606,1.0,0.912,0.899
27.128978003724658,1.0,0.912,0.899
27.380251779278577,1.0,0.912,0.899
27.6338529005317,1.0,0.912,0.901
27.88980292380441,1.0,0.914,0.902
28.1481236050758,1.0,0.914,0.904
28.408836901833027,1.0,0.915,0.905
28.671964974937698,1.0,0.916,0.905
28.937530190509502,1.0,0.917,0.905
29.205555121827466,1.0,0.918,0.907
29.47606255124857,1.0,0.919,0.907
29.749075472144405,1.0,0.919,0.907
30.024617090855493,1.0,0.919,0.907
30.30271082866396,1.0,0.919,0.907
30.583380323784333,1.0,0.921,0.907
30.86664943337273,1.0,0.921,0.909
31.15254223555488,1.0,0.921,0.91
31.441083031472647,1.0,0.922,0.91
31.732296347349763,1.0,0.922,0.911
32.02620693657652,1.0,0.923,0.911
32.32283978181379,1.0,0.923,0.913
32.622220097116696,1.0,0.923,0.915
32.924373330077685,1.0,0.923,0.916
33.229325163989714,1.0,0.923,0.917
33.5371015200293,1.0,0.924,0.918
33.84772855945981,1.0,0.924,0.918
34.16123268585528,1.0,0.924,0.92
34.47764054734464,1.0,0.926,0.92
34.79697903887691,1.0,0.927,0.92
35.1192753045073,1.0,0.929,0.922
35.44455673970434,1.0,0.929,0.922
35.77285099367874,1.0,0.929,0.924
36.10418597173337,1.0,0.93,0.925
36.43858983763545,1.0,0.931,0.925
36.77609101601033,1.0,0.931,0.926
37.11671819475765,1.0,0.932,0.927
37.46050032748993,1.0,0.932,0.927
37.80746663599349,1.0,0.934,0.927
38.15764661271248,1.0,0.934,0.929
38.511070023255705,1.0,0.934,0.93
38.867766908926654,1.0,0.935,0.93
39.22776758927719,1.0,0.935,0.932
39.591102664684584,1.0,0.935,0.932
39.957803018952696,1.0,0.936,0.932
40.32789982193707,1.0,0.936,0.934
40.701424532194366,1.0,0.936,0.935
41.078408899656466,1.0,0.937,0.935
41.45888496832911,1.0,0.937,0.935
41.84288507901582,1.0,0.937,0.935
42.23044187206674,1.0,0.939,0.936
42.62158829015323,1.0,0.939,0.936
43.01635758106795,1.0,0.939,0.936
43.41478330055092,1.0,0.94,0.936
43.816899315141924,1.0,0.942,0.937
44.22273980505899,1.0,0.942,0.937
44.63233926710395,1.0,0.942,0.937
45.04573251759459,1.0,0.942,0.937
45.462954695323994,1.0,0.943,0.937
45.88404126454759,1.0,0.943,0.938
46.30902801799739,1.0,0.943,0.938
46.73795107992461,1.0,0.945,0.938
47.17084690917017,1.0,0.945,0.938
47.607752302263684,1.0,0.946,0.94
48.048704396551315,1.0,0.947,0.942
48.493740673352356,1.0,0.948,0.943
48.94289896114529,1.0,0.95,0.943
49.396217438783204,1.0,0.951,0.943
49.853734638738935,1.0,0.951,0.944
50.31548945038054,1.0,0.951,0.944
50.78152112327673,1.0,0.951,0.944
51.2518692705333,1.0,0.952,0.946
51.72657387216019,1.0,0.953,0.946
52.205675278469755,1.0,0.954,0.947
52.689214213506744,1.0,0.955,0.947
53.17723177850969,1.0,0.955,0.947
53.66976945540476,1.0,0.957,0.947
54.16686911033152,1.0,0.957,0.949
54.66857299720181,1.0,0.957,0.949
55.17492376129126,1.0,0.96,0.95
55.68596444286412,1.0,0.96,0.95
56.20173848083188,1.0,0.96,0.95
56.72228971644544,1.0,0.961,0.953
57.247662397021784,1.0,0.962,0.954
57.77790117970504,1.0,0.963,0.957
58.313051135262214,1.0,0.963,0.957
58.8531577519145,1.0,0.964,0.957
59.398266939203566,1.0,0.965,0.957
59.94842503189409,1.0,0.966,0.958
60.503678793912215,1.0,0.967,0.958
61.06407542232039,1.0,0.967,0.958
61.629662551329425,1.0,0.967,0.959
62.200488256347114,1.0,0.967,0.959
62.776601058065,1.0,0.967,0.959
63.35804992658251,1.0,0.967,0.959
63.9448842855694,1.0,0.968,0.959
64.53715401646701,1.0,0.969,0.959
65.13490946272803,1.0,0.97,0.959
65.73820143409586,1.0,0.97,0.96
66.34708121092348,1.0,0.972,0.961
66.96160054853219,1.0,0.972,0.961
67.5818116816111,1.0,0.972,0.962
68.20776732865686,1.0,0.972,0.962
68.83952069645497,1.0,0.973,0.962
69.47712548460237,1.0,0.973,0.962
70.12063589007181,1.0,0.973,0.962
70.77010661181889,1.0,0.973,0.962
71.42559285543126,1.0,0.973,0.962
72.08715033782136,1.0,0.973,0.962
72.7548352919623,1.0,0.974,0.963
73.42870447166761,1.0,0.974,0.964
74.1088151564157,1.0,0.974,0.964
74.79522515621821,1.0,0.974,0.965
75.48799281653436,1.0,0.974,0.966
76.18717702322995,1.0,0.974,0.966
76.8928372075831,1.0,0.974,0.967
77.6050333513357,1.0,0.974,0.967
78.32382599179196,1.0,0.974,0.967
79.04927622696424,1.0,0.974,0.967
79.78144572076624,1.0,0.974,0.967
80.52039670825474,1.0,0.975,0.967
81.26619200091946,1.0,0.975,0.967
82.01889499202203,1.0,0.975,0.967
82.77856966198476,1.0,0.976,0.968
83.54528058382867,1.0,0.976,0.97
84.31909292866256,1.0,0.976,0.97
85.10007247122246,1.0,0.976,0.971
85.88828559546249,1.0,0.977,0.971
86.68379930019779,1.0,0.977,0.972
87.4866812047991,1.0,0.977,0.972
88.29699955494087,1.0,0.977,0.972
89.11482322840202,1.0,0.977,0.972
89.94022174092044,1.0,0.977,0.972
90.77326525210228,1.0,0.977,0.972
91.61402457138516,1.0,0.978,0.972
92.46257116405738,1.0,0.978,0.972
93.31897715733238,1.0,0.978,0.972
94.18331534647952,1.0,0.978,0.973
95.05565920101196,1.0,0.978,0.973
95.93608287093141,1.0,0.978,0.973
96.82466119303123,1.0,0.978,0.973
97.72146969725725,1.0,0.978,0.973
98.6265846131282,1.0,0.978,0.973
99.54008287621524,1.0,0.978,0.973
100.46204213468131,1.0,0.978,0.973
101.39254075588153,1.0,0.978,0.973
102.3316578330245,1.0,0.979,0.973
103.27947319189515,1.0,0.979,0.973
104.23606739764011,1.0,0.979,0.973
105.20152176161591,1.0,0.979,0.973
106.17591834830002,1.0,0.979,0.974
107.15933998226711,1.0,0.979,0.974
108.15187025522881,1.0,0.979,0.976
109.1535935331391,1.0,0.979,0.976
110.16459496336569,1.0,0.98,0.976
111.1849604819271,1.0,0.98,0.976
112.21477682079802,1.0,0.98,0.977
113.25413151528114,1.0,0.98,0.977
114.30311291144787,1.0,0.981,0.977
115.36181017364785,1.0,0.981,0.977
116.43031329208767,1.0,0.981,0.977
117.50871309048075,1.0,0.981,0.977
118.59710123376694,1.0,0.981,0.977
119.69557023590428,1.0,0.981,0.977
120.8042134677329,1.0,0.984,0.977
121.92312516491107,1.0,0.984,0.977
123.05240043592616,1.0,0.984,0.978
124.19213527017834,1.0,0.984,0.979
125.34242654613995,1.0,0.984,0.979
126.50337203959037,1.0,0.984,0.979
127.67507043192657,1.0,0.984,0.979
128.8576213185518,1.0,0.984,0.979
130.05112521734085,1.0,0.984,0.979
131.25568357718427,1.0,0.984,0.979
132.47139878661176,1.0,0.985,0.979
133.69837418249466,1.0,0.985,0.979
134.93671405883066,1.0,0.985,0.979
136.18652367560813,1.0,0.985,0.979
137.44790926775366,1.0,0.986,0.979
138.7209780541621,1.0,0.986,0.979
140.00583824680976,1.0,0.986,0.979
141.30259905995337,1.0,0.986,0.98
142.61137071941283,1.0,0.986,0.981
143.93226447194064,1.0,0.986,0.981
145.26539259467813,1.0,0.987,0.981
146.61086840469844,1.0,0.987,0.982
147.96880626863964,1.0,0.987,0.982
149.33932161242518,1.0,0.987,0.983
150.72253093107557,1.0,0.987,0.983
152.1185517986105,1.0,0.987,0.983
153.52750287804227,1.0,0.987,0.983
154.94950393146317,1.0,0.987,0.983
156.3846758302246,1.0,0.987,0.983
157.8331405652118,1.0,0.987,0.983
159.29502125721228,1.0,0.987,0.983
160.77044216738236,1.0,0.987,0.983
162.25952870780873,1.0,0.987,0.983
163.76240745216873,1.0,0.987,0.984
165.27920614648954,1.0,0.987,0.984
166.81005372000593,1.0,0.987,0.984
168.35508029612024,1.0,0.987,0.984
169.9144172034626,1.0,0.987,0.984
171.48819698705393,1.0,0.987,0.984
173.07655341957258,1.0,0.987,0.984
174.67962151272457,1.0,0.987,0.984
176.29753752872057,1.0,0.987,0.984
177.93043899185773,1.0,0.987,0.984
179.5784647002095,1.0,0.987,0.984
181.24175473742378,1.0,0.987,0.984
182.92045048462938,1.0,0.987,0.984
184.61469463245476,1.0,0.987,0.984
186.324631193156,1.0,0.988,0.984
188.05040551285816,1.0,0.988,0.984
189.79216428391015,1.0,0.988,0.984
191.55005555735278,1.0,0.989,0.985
193.32422875550452,1.0,0.99,0.985
195.11483468466164,1.0,0.99,0.985
196.92202554791714,1.0,0.99,0.985
198.74595495809837,1.0,0.99,0.985
200.5867779508234,1.0,0.99,0.985
202.44465099768038,1.0,0.99,0.985
204.31973201952704,1.0,0.99,0.985
206.21218039991425,1.0,0.991,0.985
208.12215699863393,1.0,0.991,0.985
210.04982416539153,1.0,0.991,0.985
211.9953457536071,1.0,0.992,0.985
213.95888713434215,1.0,0.992,0.985
215.94061521035653,1.0,0.992,0.985
217.94069843029558,1.0,0.992,0.985
219.95930680300748,1.0,0.992,0.986
221.99661191199547,1.0,0.992,0.986
224.05278693000182,1.0,0.992,0.986
226.12800663372772,1.0,0.992,0.987
228.22244741868985,1.0,0.992,0.987
230.33628731421314,1.0,0.992,0.987
232.4697059985648,1.0,0.992,0.987
234.62288481422624,1.0,0.992,0.987
236.79600678330763,1.0,0.992,0.987
238.98925662310504,1.0,0.992,0.987
241.2028207618007,1.0,0.992,0.987
243.43688735431104,1.0,0.992,0.987
245.691646298279,1.0,0.992,0.987
247.96728925021577,1.0,0.992,0.987
250.26400964179192,1.0,0.992,0.987
252.58200269627847,1.0,0.992,0.987
254.9214654451423,1.0,0.992,0.987
257.28259674479324,1.0,0.992,0.987
259.665597293487,1.0,0.992,0.987
262.07066964838526,1.0,0.992,0.987
264.498018242772,1.0,0.992,0.987
266.9478494034321,1.0,0.992,0.987
269.4203713681882,1.0,0.992,0.987
271.9157943036019,1.0,0.992,0.987
274.43433032283656,1.0,0.992,0.987
276.9761935036891,1.0,0.992,0.987
279.5415999067856,1.0,0.992,0.987
282.1307675939471,1.0,0.992,0.987
284.74391664672476,1.0,0.992,0.987
287.38126918510665,1.0,0.992,0.987
290.04304938639916,1.0,0.992,0.987
292.7294835042816,1.0,0.992,0.987
295.440799888038,1.0,0.992,0.987
298.17722900196736,1.0,0.992,0.987
300.9390034449721,1.0,0.992,0.987
303.72635797033115,1.0,0.992,0.987
306.5395295056527,1.0,0.992,0.987
309.3787571730137,1.0,0.992,0.987
312.2442823092858,1.0,0.992,0.987
315.13634848664793,1.0,0.992,0.987
318.05520153329195,1.0,0.992,0.987
321.00108955431716,1.0,0.992,0.987
323.9742629528196,1.0,0.992,0.987
326.9749744511768,1.0,0.992,0.987
330.0034791125285,1.0,0.992,0.987
333.06003436245885,1.0,0.992,0.987
336.1449000108765,1.0,0.992,0.987
339.2583382740992,1.0,0.992,0.987
342.40061379714257,1.0,0.992,0.987
345.57199367621394,1.0,0.992,0.987
348.77274748141775,1.0,0.992,0.987
352.00314727966787,1.0,0.992,0.987
355.2634676578139,1.0,0.992,0.987
358.5539857459817,1.0,0.992,0.987
361.874981241128,1.0,0.992,0.987
365.22673643081754,1.0,0.992,0.987
368.6095362172158,1.0,0.992,0.987
372.0236681413066,1.0,0.992,0.987
375.4694224073337,1.0,0.992,0.987
378.94709190746676,1.0,0.992,0.987
382.45697224669993,1.0,0.992,0.987
385.9993617679767,1.0,0.992,0.987
389.5745615775501,1.0,0.992,0.987
393.18287557057704,1.0,0.992,0.987
396.82461045694816,1.0,0.992,0.987
400.5000757873611,1.0,0.992,0.987
404.20958397963057,1.0,0.992,0.987
407.9534503452449,1.0,0.992,0.987
411.7319931161679,1.0,0.992,0.987
415.54553347188755,1.0,0.992,0.987
419.39439556671863,1.0,0.992,0.987
423.27890655735484,1.0,0.992,0.987
427.19939663067765,1.0,0.992,0.987
431.15619903182284,1.0,0.992,0.987
435.149650092505,1.0,0.992,0.987
439.1800892596086,1.0,0.992,0.987
443.2478591240396,1.0,0.992,0.987
447.3533054498463,1.0,0.992,0.987
451.4967772036102,1.0,0.992,0.987
455.6786265841064,1.0,0.992,0.987
459.8992090522438,1.0,0.992,0.987
464.15888336127773,1.0,0.992,0.987
468.4580115873045,1.0,0.992,0.987
472.7969591600391,1.0,0.992,0.987
477.17609489387456,1.0,0.992,0.987
481.5957910192351,1.0,0.992,0.987
486.0564232142134,1.0,0.992,0.987
490.55837063650455,1.0,0.992,0.987
495.1020159556351,1.0,0.992,0.987
499.68774538548837,1.0,0.992,0.987
504.3159487171359,1.0,0.992,0.987
508.98701935196794,1.0,0.992,0.987
513.7013543351344,1.0,0.992,0.987
518.4593543892913,1.0,0.992,0.987
523.2614239486662,1.0,0.992,0.987
528.1079711934331,1.0,0.992,0.987
532.9994080844087,1.0,0.992,0.987
537.9361503980704,1.0,0.992,0.987
542.9186177618943,1.0,0.992,0.987
547.9472336900287,1.0,0.992,0.987
553.0224256192901,1.0,0.992,0.987
558.144624945496,1.0,0.992,0.987
563.3142670601358,1.0,0.992,0.987
568.5317913873754,1.0,0.992,0.987
573.7976414214133,1.0,0.992,0.987
579.1122647641758,1.0,0.992,0.987
584.4761131633632,1.0,0.992,0.988
589.8896425508499,1.0,0.992,0.988
595.353313081437,1.0,0.992,0.988
600.8675891719687,1.0,0.992,0.988
606.4329395408062,1.0,0.992,0.988
612.0498372476696,1.0,0.992,0.988
617.7187597338494,1.0,0.992,0.988
623.4401888627864,1.0,0.992,0.988
629.2146109610344,1.0,0.992,0.988
635.0425168595962,1.0,0.992,0.988
640.924401935645,1.0,0.992,0.988
646.8607661546328,1.0,0.992,0.988
652.8521141127848,1.0,0.992,0.988
658.898955079995,1.0,0.992,0.988
665.0018030431119,1.0,0.992,0.988
671.161176749628,1.0,0.992,0.988
677.3775997517752,1.0,0.992,0.988
683.6516004510238,1.0,0.992,0.988
689.9837121430019,1.0,0.992,0.988
696.3744730628222,1.0,0.992,0.988
702.8244264308346,1.0,0.992,0.988
709.3341204987997,1.0,0.992,0.988
715.9041085964889,1.0,0.992,0.988
722.5349491787214,1.0,0.992,0.988
729.2272058728313,1.0,0.992,0.988
735.9814475265764,1.0,0.992,0.988
742.7982482564919,1.0,0.992,0.988
749.6781874966877,1.0,0.992,0.988
756.6218500481056,1.0,0.992,0.988
763.6298261282242,1.0,0.992,0.988
770.7027114212295,1.0,0.992,0.988
777.841107128649,1.0,0.992,0.988
785.0456200204509,1.0,0.992,0.988
792.3168624866254,1.0,0.992,0.988
799.6554525892346,1.0,0.992,0.988
807.0620141149499,1.0,0.992,0.988
814.5371766280746,1.0,0.992,0.988
822.0815755240541,1.0,0.992,0.988
829.6958520834906,1.0,0.992,0.988
837.380653526649,1.0,0.992,0.988
845.1366330684713,1.0,0.992,0.988
852.9644499741025,1.0,0.992,0.988
860.8647696149245,1.0,0.992,0.988
868.8382635251185,1.0,0.992,0.988
876.8856094587427,1.0,0.992,0.988
885.0074914473439,1.0,0.992,0.988
893.2045998580968,1.0,0.992,0.988
901.4776314524918,1.0,0.992,0.988
909.8272894455558,1.0,0.992,0.988
918.2542835656282,1.0,0.992,0.988
926.7593301146883,1.0,0.992,0.988
935.3431520292387,1.0,0.992,0.988
944.0064789417603,1.0,0.992,0.988
952.750047242729,1.0,0.992,0.988
961.5746001432095,1.0,0.992,0.988
970.4808877380307,1.0,0.992,0.988
979.4696670695396,1.0,0.992,0.988
988.5417021919574,1.0,0.992,0.988
997.6977642363202,1.0,0.992,0.988
1006.9386314760271,1.0,0.992,0.988
1016.2650893929952,1.0,0.992,0.988
1025.677930744422,1.0,0.992,0.988
1035.1779556301763,1.0,0.992,0.988
1044.7659715608042,1.0,0.992,0.988
1054.4427935261685,1.0,0.992,0.988
1064.2092440647245,1.0,0.992,0.988
1074.0661533334335,1.0,0.992,0.988
1084.014359178331,1.0,0.992,0.988
1094.0547072057425,1.0,0.992,0.988
1104.18805085416,1.0,0.992,0.988
1114.415251466788,1.0,0.992,0.988
1124.737178364752,1.0,0.992,0.988
1135.154708920999,1.0,0.992,0.988
1145.6687286348715,1.0,0.992,0.988
1156.2801312073755,1.0,0.992,0.988
1166.9898186171474,1.0,0.992,0.988
1177.7987011971193,1.0,0.992,0.988
1188.7076977119034,1.0,0.992,0.988
1199.7177354358844,1.0,0.992,0.988
1210.8297502320395,1.0,0.992,0.988
1222.0446866314887,1.0,0.992,0.988
1233.363497913776,1.0,0.992,0.988
1244.787146187906,1.0,0.992,0.988
1256.3166024741201,1.0,0.992,0.988
1267.9528467864338,1.0,0.992,0.988
1279.6968682159415,1.0,0.992,0.988
1291.549665014884,1.0,0.992,0.988
1303.512244681509,1.0,0.992,0.988
1315.5856240457038,1.0,0.992,0.988
1327.770829355429,1.0,0.992,0.988
1340.0688963639507,1.0,0.992,0.988
1352.4808704178754,1.0,0.992,0.988
1365.0078065460139,1.0,0.992,0.988
1377.6507695490536,1.0,0.992,0.988
1390.4108340900696,1.0,0.992,0.988
1403.2890847858732,1.0,0.992,0.988
1416.2866162991988,1.0,0.992,0.988
1429.4045334317611,1.0,0.992,0.988
1442.6439512181573,1.0,0.992,0.988
1456.0059950206485,1.0,0.992,0.988
1469.4918006248172,1.0,0.992,0.988
1483.1025143361044,1.0,0.992,0.988
1496.8392930772557,1.0,0.992,0.988
1510.7033044866541,1.0,0.992,0.988
1524.695727017573,1.0,0.992,0.988
1538.8177500383463,1.0,0.992,0.988
1553.07057393346,1.0,0.992,0.988
1567.455410205595,1.0,0.992,0.988
1581.9734815785998,1.0,0.992,0.988
1596.6260221014252,1.0,0.992,0.988
1611.41427725302,1.0,0.992,0.988
1626.3395040481923,1.0,0.992,0.988
1641.4029711444664,1.0,0.992,0.988
1656.6059589499134,1.0,0.992,0.988
1671.94975973199,1.0,0.992,0.988
1687.4356777273756,1.0,0.992,0.988
1703.0650292528444,1.0,0.992,0.988
1718.8391428171456,1.0,0.992,0.988
1734.7593592339308,1.0,0.992,0.988
1750.827031735725,1.0,0.992,0.988
1767.0435260889467,1.0,0.992,0.988
1783.4102207100082,1.0,0.992,0.988
1799.9285067824765,1.0,0.992,0.988
1816.5997883753266,1.0,0.992,0.988
1833.4254825622907,1.0,0.992,0.988
1850.4070195423021,1.0,0.992,0.988
1867.545842761076,1.0,0.992,0.988
1884.8434090337953,1.0,0.992,0.988
1902.301188668944,1.0,0.992,0.988
1919.9206655932849,1.0,0.992,0.988
1937.703337477989,1.0,0.992,0.988
1955.650715865949,1.0,0.992,0.988
1973.7643263002553,1.0,0.992,0.988
1992.0457084538693,1.0,0.992,0.988
2010.496416260499,1.0,0.992,0.988
2029.1180180466781,1.0,0.992,0.988
2047.9120966650855,1.0,0.992,0.988
2066.880249629082,1.0,0.992,0.988
2086.0240892485026,1.0,0.992,0.988
2105.345242766706,1.0,0.992,0.988
2124.8453524988827,1.0,0.992,0.988
2144.5260759716675,1.0,0.992,0.988
2164.3890860640204,1.0,0.992,0.988
2184.436071149426,1.0,0.992,0.988
2204.6687352394097,1.0,0.992,0.988
2225.0887981283695,1.0,0.992,0.988
2245.697995539774,1.0,0.992,0.988
2266.498079273693,1.0,0.992,0.988
2287.490817355702,1.0,0.992,0.988
2308.6779941871696,1.0,0.992,0.988
2330.0614106969247,1.0,0.992,0.988
2351.6428844943484,1.0,0.992,0.988
2373.424250023866,1.0,0.992,0.988
2395.407358720877,1.0,0.992,0.988
2417.594079169131,1.0,0.992,0.988
2439.98629725955,1.0,0.992,0.988
2462.5859163505465,1.0,0.992,0.988
2485.3948574297983,1.0,0.992,0.988
2508.4150592775386,1.0,0.992,0.988
2531.6484786313554,1.0,0.992,0.988
2555.097090352507,1.0,0.992,0.988
2578.7628875938008,1.0,0.992,0.988
2602.6478819690046,1.0,0.992,0.988
2626.7541037238357,1.0,0.992,0.988
2651.083601908539,1.0,0.992,0.988
2675.6384445520453,1.0,0.992,0.988
2700.4207188377727,1.0,0.992,0.988
2725.432531281028,1.0,0.992,0.988
2750.6760079080645,1.0,0.992,0.988
2776.153294436801,1.0,0.992,0.988
2801.866556459195,1.0,0.992,0.988
2827.817979625341,1.0,0.992,0.988
2854.0097698292375,1.0,0.992,0.988
2880.4441533962977,1.0,0.992,0.988
2907.123377272578,1.0,0.992,0.988
2934.049709215787,1.0,0.992,0.988
2961.2254379880346,1.0,0.992,0.988
2988.6528735503825,1.0,0.992,0.988
3016.3343472591973,1.0,0.992,0.988
3044.272212064303,1.0,0.992,0.988
3072.4688427090036,1.0,0.992,0.988
3100.9266359319267,1.0,0.992,0.988
3129.6480106707504,1.0,0.992,0.988
3158.635408267819,1.0,0.992,0.988
3187.8912926776457,1.0,0.992,0.988
3217.4181506763716,1.0,0.992,0.988
3247.218492073129,1.0,0.992,0.988
3277.294849923382,1.0,0.992,0.988
3307.6497807442424,1.0,0.992,0.988
3338.285864731761,1.0,0.992,0.988
3369.2057059802673,1.0,0.992,0.988
3400.411932703706,1.0,0.992,0.988
3431.9071974590424,1.0,0.992,0.988
3463.6941773717344,1.0,0.992,0.988
3495.775574363275,1.0,0.992,0.988
3528.154115380883,1.0,0.992,0.988
3560.832552629278,1.0,0.992,0.988
3593.813663804626,1.0,0.992,0.988
3627.1002523306483,1.0,0.992,0.988
3660.695147596902,1.0,0.992,0.988
3694.6012051993025,1.0,0.992,0.988
3728.8213071828336,1.0,0.992,0.988
3763.3583622865326,1.0,0.992,0.988
3798.215306190736,1.0,0.992,0.988
3833.3951017666013,1.0,0.992,0.988
3868.9007393279753,1.0,0.992,0.988
3904.73523688556,1.0,0.992,0.988
3940.901640403448,1.0,0.992,0.988
3977.403024058037,1.0,0.992,0.988
4014.242490499322,1.0,0.992,0.988
4051.423171114647,1.0,0.992,0.988
4088.9482262948604,1.0,0.992,0.988
4126.820845702951,1.0,0.992,0.988
4165.044248545185,1.0,0.992,0.988
4203.6216838447135,1.0,0.992,0.988
4242.556430717777,1.0,0.992,0.988
4281.851798652411,1.0,0.992,0.988
4321.511127789762,1.0,0.992,0.988
4361.537789208006,1.0,0.992,0.988
4401.935185208875,1.0,0.992,0.988
4442.706749606883,1.0,0.992,0.988
4483.855948021186,1.0,0.992,0.988
4525.386278170166,1.0,0.992,0.988
4567.301270168747,1.0,0.992,0.988
4609.604486828433,1.0,0.992,0.988
4652.29952396019,1.0,0.992,0.988
4695.390010680058,1.0,0.992,0.988
4738.879609717651,1.0,0.992,0.988
4782.772017727485,1.0,0.992,0.988
4827.070965603183,1.0,0.992,0.988
4871.780218794631,1.0,0.992,0.988
4916.903577628026,1.0,0.992,0.988
4962.444877628914,1.0,0.992,0.988
5008.407989848212,1.0,0.992,0.988
5054.79682119124,1.0,0.992,0.988
5101.6153147498335,1.0,0.992,0.988
5148.867450137493,1.0,0.992,0.988
5196.557243827658,1.0,0.992,0.988
5244.688749495119,1.0,0.992,0.988
5293.266058360561,1.0,0.992,0.988
5342.293299538353,1.0,0.992,0.988
5391.7746403875,1.0,0.992,0.988
5441.714286865893,1.0,0.992,0.988
5492.116483887789,1.0,0.992,0.988
5542.985515684669,1.0,0.992,0.988
5594.325706169378,1.0,0.992,0.988
5646.141419303667,1.0,0.992,0.988
5698.437059469142,1.0,0.992,0.988
5751.217071841614,1.0,0.992,0.988
5804.485942768978,1.0,0.992,0.988
5858.248200152536,1.0,0.992,0.988
5912.508413831875,1.0,0.992,0.988
5967.271195973317,1.0,0.992,0.988
6022.541201461928,1.0,0.992,0.988
6078.32312829723,1.0,0.992,0.988
6134.621717992506,1.0,0.992,0.988
6191.441755977841,1.0,0.992,0.988
6248.788072006894,1.0,0.992,0.988
6306.6655405674055,1.0,0.992,0.988
6365.079081295571,1.0,0.992,0.988
6424.033659394191,1.0,0.992,0.988
6483.534286054721,1.0,0.992,0.988
6543.586018883236,1.0,0.992,0.988
6604.193962330305,1.0,0.992,0.988
6665.363268124914,1.0,0.992,0.988
6727.099135712337,1.0,0.992,0.988
6789.406812696106,1.0,0.992,0.988
6852.291595284064,1.0,0.992,0.988
6915.758828738525,1.0,0.992,0.988
6979.81390783066,1.0,0.992,0.988
7044.462277299037,1.0,0.992,0.988
7109.709432312431,1.0,0.992,0.988
7175.560918936929,1.0,0.992,0.988
7242.022334607315,1.0,0.992,0.988
7309.099328602911,1.0,0.992,0.988
7376.79760252773,1.0,0.992,0.988
7445.122910795136,1.0,0.992,0.988
7514.08106111697,1.0,0.992,0.988
7583.677914997191,1.0,0.992,0.988
7653.919388230148,1.0,0.992,0.988
7724.8114514034005,1.0,0.992,0.99
7796.360130405229,1.0,0.992,0.99
7868.571506936852,1.0,0.992,0.99
7941.45171902934,1.0,0.992,0.99
8015.006961565405,1.0,0.992,0.99
8089.243486805938,1.0,0.992,0.99
8164.167604921464,1.0,0.992,0.99
8239.78568452852,1.0,0.992,0.991
8316.104153230961,1.0,0.992,0.991
8393.129498166365,1.0,0.992,0.991
8470.868266557402,1.0,0.992,0.991
8549.327066268375,1.0,0.992,0.991
8628.512566366895,1.0,0.992,0.991
8708.431497690724,1.0,0.992,0.991
8789.090653419955,1.0,0.992,0.991
8870.496889654403,1.0,0.992,0.991
8952.657125996391,1.0,0.992,0.991
9035.57834613893,1.0,0.992,0.991
9119.267598459299,1.0,0.992,0.991
9203.73199661822,1.0,0.992,0.991
9288.978720164498,1.0,0.992,0.991
9375.015015145289,1.0,0.992,0.991
9461.848194722003,1.0,0.992,0.992
9549.485639791967,1.0,0.992,0.993
9637.934799615785,1.0,0.992,0.993
9727.203192450537,1.0,0.992,0.993
9817.29840618884,1.0,0.992,0.993
9908.228099003798,1.0,0.992,0.993
10000.0,1.0,0.992,0.993
